Id,Choice
1,0.21933891
2,0.6469754
3,0.04812521
4,0.22637631
5,0.45311645
6,0.24761459
7,0.50971633
8,0.98223394
9,0.09153721
10,0.805314
11,0.3053622
12,0.9289666
13,0.71386915
14,0.4391647
15,0.9074365
16,0.8753563
17,0.98092115
18,0.1830289
19,0.9287493
20,0.3502968
21,0.7535396
22,0.045234103
23,0.78585225
24,0.7440109
25,0.08525683
26,0.037450776
27,0.07313345
28,0.24756917
29,0.05572758
30,0.75690603
31,0.09041316
32,0.9551922
33,0.76670855
34,0.87229955
35,0.53477186
36,0.5822679
37,0.6482347
38,0.22915009
39,0.75415
40,0.5801817
41,0.72384226
42,0.059675712
43,0.16330932
44,0.9662805
45,0.098888844
46,0.7222433
47,0.7645033
48,0.05059769
49,0.095695466
50,0.5893872
51,0.13818568
52,0.060263086
53,0.06323861
54,0.371169
55,0.96673256
56,0.25223482
57,0.11311246
58,0.5559395
59,0.05610094
60,0.9769175
61,0.41921422
62,0.5801471
63,0.11761721
64,0.45907512
65,0.47323686
66,0.045498215
67,0.3030573
68,0.30197442
69,0.6262097
70,0.39504498
71,0.87265223
72,0.20079364
73,0.3123791
74,0.6017203
75,0.72516346
76,0.8764867
77,0.48397753
78,0.5347059
79,0.20297642
80,0.015030327
81,0.41798076
82,0.036670983
83,0.1508918
84,0.56227994
85,0.6628138
86,0.24521096
87,0.55031484
88,0.12731917
89,0.9125691
90,0.5663033
91,0.34568262
92,0.035942223
93,0.83356756
94,0.88899875
95,0.23719078
96,0.17032537
97,0.89783704
98,0.756618
99,0.7701923
100,0.25005564
101,0.49849808
102,0.9732267
103,0.9263792
104,0.30484146
105,0.37554953
106,0.49663323
107,0.32922092
108,0.5548282
109,0.36868778
110,0.7806099
111,0.5387921
112,0.21796405
113,0.8763127
114,0.5374115
115,0.98393065
116,0.74691784
117,0.48844674
118,0.98193514
119,0.9650719
120,0.90609974
121,0.93746686
122,0.9668873
123,0.040490847
124,0.73862946
125,0.6915251
126,0.94188863
127,0.7279176
128,0.07952182
129,0.3358501
130,0.90664256
131,0.47808328
132,0.26546627
133,0.2985719
134,0.8836762
135,0.06018464
136,0.63822716
137,0.96437144
138,0.33333054
139,0.7629305
140,0.22193117
141,0.9703409
142,0.89333814
143,0.6050961
144,0.95516014
145,0.36824274
146,0.024470672
147,0.22352158
148,0.026102005
149,0.46669003
150,0.8837388
151,0.1258638
152,0.10689225
153,0.96118176
154,0.96130544
155,0.29655448
156,0.16371268
157,0.8268433
158,0.98614675
159,0.5454497
160,0.4699265
161,0.56074417
162,0.36485812
163,0.7081084
164,0.57020813
165,0.5573965
166,0.5457876
167,0.94205683
168,0.9546212
169,0.18796311
170,0.108485945
171,0.44459426
172,0.31865972
173,0.06529911
174,0.5875144
175,0.1539522
176,0.07416817
177,0.50621307
178,0.9572139
179,0.4597102
180,0.9298574
181,0.34443563
182,0.35914063
183,0.8581052
184,0.25437763
185,0.15925401
186,0.815149
187,0.28774002
188,0.08795539
189,0.61734277
190,0.9616082
191,0.8425411
192,0.79438967
193,0.034184165
194,0.48604006
195,0.91524374
196,0.95114917
197,0.5177207
198,0.9812422
199,0.8183006
200,0.6001195
201,0.6630555
202,0.96554124
203,0.15555638
204,0.20031372
205,0.94329983
206,0.087788895
207,0.09345493
208,0.8965919
209,0.014169742
210,0.047748458
211,0.9814788
212,0.582939
213,0.6699249
214,0.80895567
215,0.96447366
216,0.20297642
217,0.7734911
218,0.94917333
219,0.95233935
220,0.054851744
221,0.6117548
222,0.8238454
223,0.39016575
224,0.15069635
225,0.38268647
226,0.41345397
227,0.96151775
228,0.033990845
229,0.9158575
230,0.31721523
231,0.019534878
232,0.08505556
233,0.1214412
234,0.8867052
235,0.7046504
236,0.66327596
237,0.046097707
238,0.5618591
239,0.43792915
240,0.76909727
241,0.9799716
242,0.34504735
243,0.5322827
244,0.90343773
245,0.021823125
246,0.68864155
247,0.070350334
248,0.97086245
249,0.98481834
250,0.67965466
251,0.951341
252,0.97526485
253,0.5471329
254,0.44711962
255,0.041426368
256,0.061292067
257,0.16720146
258,0.11897989
259,0.5009081
260,0.7975976
261,0.08381932
262,0.98281455
263,0.664363
264,0.96839964
265,0.8560252
266,0.3848919
267,0.6679714
268,0.25944948
269,0.69012415
270,0.8642105
271,0.69401246
272,0.9664677
273,0.4487795
274,0.06533176
275,0.8890015
276,0.20846781
277,0.92464614
278,0.9643925
279,0.6902736
280,0.3756109
281,0.27736697
282,0.55464876
283,0.82252055
284,0.6475416
285,0.5810476
286,0.6150558
287,0.56859297
288,0.9529523
289,0.72602683
290,0.07643363
291,0.9396678
292,0.8977851
293,0.83830994
294,0.059204977
295,0.9764273
296,0.20176393
297,0.8734537
298,0.9222271
299,0.95876104
300,0.9205896
301,0.030391464
302,0.6628138
303,0.63140213
304,0.21744497
305,0.9666895
306,0.24799033
307,0.020356283
308,0.39140815
309,0.5690293
310,0.051838778
311,0.46664372
312,0.16439487
313,0.30175838
314,0.7205597
315,0.6669927
316,0.8239538
317,0.9733114
318,0.117006995
319,0.27478606
320,0.6232191
321,0.6502066
322,0.77081525
323,0.035038333
324,0.82262427
325,0.97751325
326,0.06450408
327,0.17622732
328,0.5952015
329,0.9447669
330,0.3030573
331,0.17962229
332,0.098888844
333,0.9356289
334,0.03521202
335,0.8420529
336,0.9243751
337,0.5378663
338,0.6649297
339,0.7475213
340,0.8933967
341,0.9663078
342,0.8200611
343,0.89204997
344,0.03531249
345,0.37467712
346,0.18640307
347,0.7923547
348,0.4729451
349,0.4194479
350,0.07030468
351,0.73471785
352,0.4337635
353,0.57417184
354,0.040563315
355,0.29300997
356,0.85600734
357,0.90926826
358,0.72011465
359,0.13431004
360,0.98305225
361,0.46200958
362,0.83987737
363,0.5978615
364,0.070512064
365,0.9523703
366,0.041865624
367,0.08033504
368,0.49182168
369,0.89757276
370,0.9688473
371,0.11817199
372,0.10989445
373,0.7458669
374,0.5009182
375,0.4624171
376,0.9147308
377,0.665746
378,0.5871778
379,0.1066778
380,0.36790463
381,0.06558004
382,0.4841898
383,0.9611986
384,0.43995288
385,0.090802625
386,0.6379022
387,0.15599927
388,0.23467109
389,0.57956934
390,0.8986655
391,0.6753181
392,0.06648061
393,0.12942462
394,0.050108265
395,0.43326458
396,0.29676843
397,0.5139968
398,0.38799313
399,0.6241397
400,0.019154202
401,0.8377728
402,0.41274232
403,0.14488392
404,0.115112044
405,0.5161655
406,0.9843965
407,0.66264623
408,0.9589062
409,0.6414563
410,0.020103548
411,0.04528383
412,0.61358213
413,0.6462341
414,0.52590865
415,0.42375183
416,0.037466157
417,0.4050212
418,0.05443956
419,0.9524289
420,0.9105465
421,0.2671921
422,0.40116987
423,0.70881456
424,0.072957784
425,0.015505838
426,0.3249302
427,0.39888746
428,0.48042396
429,0.896782
430,0.7175698
431,0.04101884
432,0.17664261
433,0.8637784
434,0.10587076
435,0.31989902
436,0.87834275
437,0.42176503
438,0.43201753
439,0.13718353
440,0.89008445
441,0.60972923
442,0.67152
443,0.25693062
444,0.5319937
445,0.564249
446,0.9192056
447,0.16973472
448,0.5351915
449,0.50316656
450,0.3509
451,0.4293888
452,0.65273446
453,0.8640056
454,0.5246997
455,0.63198584
456,0.09079718
457,0.26158288
458,0.24864061
459,0.07790391
460,0.25157866
461,0.6558014
462,0.87455016
463,0.59180623
464,0.27655748
465,0.021989409
466,0.080494456
467,0.20128877
468,0.5615086
469,0.9075143
470,0.92864436
471,0.7573807
472,0.8815169
473,0.7950771
474,0.09756228
475,0.26977405
476,0.029521286
477,0.76374483
478,0.7676507
479,0.747433
480,0.8734537
481,0.809645
482,0.9800249
483,0.050269835
484,0.91729605
485,0.6787139
486,0.060325798
487,0.026782291
488,0.25099075
489,0.9245423
490,0.65353125
491,0.07241036
492,0.035671826
493,0.9744196
494,0.32862753
495,0.92771
496,0.8487403
497,0.5454852
498,0.42118603
499,0.80095804
500,0.5969379
501,0.503006
502,0.18782364
503,0.3623144
504,0.916332
505,0.9557231
506,0.73411536
507,0.16856582
508,0.9439435
509,0.035891544
510,0.03722896
511,0.27971327
512,0.14887236
513,0.076630406
514,0.5531777
515,0.053097967
516,0.04073628
517,0.023271587
518,0.81449634
519,0.9810143
520,0.30250475
521,0.6751004
522,0.57170296
523,0.8142747
524,0.8202237
525,0.5876054
526,0.5447747
527,0.58489066
528,0.7068126
529,0.9565296
530,0.32689217
531,0.97700447
532,0.77588767
533,0.36536685
534,0.70478505
535,0.04135908
536,0.9617269
537,0.88320494
538,0.37547374
539,0.33608457
540,0.09066541
541,0.21675764
542,0.90351236
543,0.5137199
544,0.83984375
545,0.8299509
546,0.16730756
547,0.4891296
548,0.093131945
549,0.9169479
550,0.01882839
551,0.11188
552,0.02773897
553,0.5712033
554,0.56627584
555,0.94434637
556,0.021823125
557,0.97121966
558,0.64079154
559,0.97456205
560,0.37520283
561,0.9008917
562,0.24083744
563,0.6980448
564,0.58409804
565,0.83830994
566,0.07212733
567,0.8405379
568,0.36145297
569,0.019906582
570,0.760338
571,0.9707254
572,0.2079846
573,0.9643583
574,0.114563785
575,0.9794862
576,0.087983035
577,0.0244311
578,0.58776647
579,0.012226956
580,0.9239428
581,0.98204964
582,0.9393818
583,0.15435293
584,0.3989773
585,0.44290045
586,0.86358
587,0.71479744
588,0.042410683
589,0.04275548
590,0.36579683
591,0.6557232
592,0.3101766
593,0.3541105
594,0.53101355
595,0.92028815
596,0.2328452
597,0.7307122
598,0.86578256
599,0.050675344
600,0.5552832
601,0.34206045
602,0.8454546
603,0.53652275
604,0.9219513
605,0.02751869
606,0.24968193
607,0.45092648
608,0.07888528
609,0.038925514
610,0.74650997
611,0.67824036
612,0.061437935
613,0.5662487
614,0.32330415
615,0.51822275
616,0.7489801
617,0.038300812
618,0.030881844
619,0.4451979
620,0.8639935
621,0.8965919
622,0.091058776
623,0.92123103
624,0.8253258
625,0.02377066
626,0.56749403
627,0.98200154
628,0.18391714
629,0.1360123
630,0.9339792
631,0.54384434
632,0.98108244
633,0.20983256
634,0.14786746
635,0.466849
636,0.72030586
637,0.13445675
638,0.47376782
639,0.9846005
640,0.03517079
641,0.89108723
642,0.55931413
643,0.12188328
644,0.49025694
645,0.9745779
646,0.87433153
647,0.4452017
648,0.30077714
649,0.93283707
650,0.6894939
651,0.89195013
652,0.4170876
653,0.4586103
654,0.0916067
655,0.054437768
656,0.928826
657,0.5440706
658,0.3956993
659,0.014261991
660,0.8489762
661,0.23521368
662,0.5058692
663,0.92461354
664,0.5268124
665,0.48438677
666,0.026886242
667,0.24557695
668,0.6295341
669,0.28503597
670,0.9860724
671,0.79591304
672,0.025470363
673,0.18968268
674,0.39458668
675,0.48476937
676,0.065005094
677,0.570173
678,0.025879899
679,0.37257335
680,0.95707935
681,0.47498128
682,0.28020334
683,0.50683945
684,0.66838723
685,0.8930738
686,0.06454624
687,0.40570214
688,0.3048826
689,0.53938746
690,0.64794606
691,0.98136616
692,0.0714296
693,0.6622829
694,0.77849954
695,0.48492092
696,0.82257354
697,0.8595382
698,0.8297401
699,0.08203265
700,0.9847883
701,0.41897622
702,0.05406252
703,0.35607174
704,0.21541004
705,0.6109914
706,0.09308202
707,0.11066659
708,0.17418908
709,0.9726352
710,0.8588226
711,0.504536
712,0.030132458
713,0.3427044
714,0.49914134
715,0.03998452
716,0.41878688
717,0.97823745
718,0.969861
719,0.38198322
720,0.30609044
721,0.63342154
722,0.25798967
723,0.26708323
724,0.07498812
725,0.38301396
726,0.9587637
727,0.11633335
728,0.22282623
729,0.25226703
730,0.34333652
731,0.32855535
732,0.4622548
733,0.783749
734,0.9735144
735,0.34212562
736,0.7246225
737,0.36083305
738,0.07092606
739,0.07300132
740,0.11589843
741,0.88595104
742,0.8982002
743,0.250508
744,0.9611459
745,0.62892497
746,0.92229766
747,0.19196852
748,0.135385
749,0.8006218
750,0.67558384
751,0.17552778
752,0.43788135
753,0.021638624
754,0.4547309
755,0.2283893
756,0.7282102
757,0.50131744
758,0.46095815
759,0.49065283
760,0.94243973
761,0.69945985
762,0.77372897
763,0.5062587
764,0.15766707
765,0.1187651
766,0.41229513
767,0.34959507
768,0.14642307
769,0.87966454
770,0.9212862
771,0.25751036
772,0.1028514
773,0.06476714
774,0.5566034
775,0.092223234
776,0.7059259
777,0.18584825
778,0.9751981
779,0.115852155
780,0.07383459
781,0.9355665
782,0.9753087
783,0.30297214
784,0.48779213
785,0.68896204
786,0.7589179
787,0.61926335
788,0.13450946
789,0.47824153
790,0.9111185
791,0.939175
792,0.63818896
793,0.0883009
794,0.35496172
795,0.88254094
796,0.97343636
797,0.28070772
798,0.06046661
799,0.040225275
800,0.116591975
801,0.93472385
802,0.6265646
803,0.03535737
804,0.889033
805,0.31445402
806,0.39542025
807,0.18012936
808,0.9129242
809,0.55274254
810,0.5100122
811,0.35561374
812,0.79217136
813,0.43957785
814,0.80608314
815,0.9461794
816,0.21974595
817,0.89855003
818,0.9606303
819,0.06935485
820,0.21437025
821,0.25442344
822,0.54457897
823,0.9461313
824,0.037910815
825,0.34653696
826,0.023866948
827,0.5810986
828,0.7817333
829,0.3956993
830,0.9179608
831,0.049332775
832,0.835221
833,0.9795162
834,0.962237
835,0.3643157
836,0.66211355
837,0.9527889
838,0.9143752
839,0.03776268
840,0.21488902
841,0.32958305
842,0.21130383
843,0.11119049
844,0.37858063
845,0.9731434
846,0.9702148
847,0.4357628
848,0.028268823
849,0.5523667
850,0.5373823
851,0.44384447
852,0.93573314
853,0.9609238
854,0.9005225
855,0.14750881
856,0.47154054
857,0.85791016
858,0.91106725
859,0.6215114
860,0.65524924
861,0.90151674
862,0.2906224
863,0.5103281
864,0.022708109
865,0.5650405
866,0.033246182
867,0.7162606
868,0.9707519
869,0.9334701
870,0.33827525
871,0.87693447
872,0.018699478
873,0.5964464
874,0.8813409
875,0.06596241
876,0.98235023
877,0.90409094
878,0.096820876
879,0.968972
880,0.6960372
881,0.7157141
882,0.8603794
883,0.98030406
884,0.10690017
885,0.97949916
886,0.41333494
887,0.30041692
888,0.13152926
889,0.891534
890,0.15492842
891,0.79243076
892,0.24108294
893,0.78332394
894,0.04638853
895,0.805127
896,0.2523885
897,0.30433816
898,0.032259937
899,0.036283687
900,0.06562252
901,0.31714648
902,0.8365777
903,0.9273205
904,0.70299786
905,0.4748819
906,0.64692473
907,0.5319899
908,0.24824095
909,0.43304303
910,0.97324455
911,0.6411325
912,0.5951346
913,0.59645724
914,0.02982522
915,0.1064858
916,0.21461824
917,0.2970549
918,0.35910746
919,0.61774063
920,0.7174868
921,0.92114186
922,0.04380107
923,0.058913298
924,0.12368349
925,0.046998866
926,0.35737267
927,0.57557064
928,0.87904584
929,0.063191555
930,0.7740959
931,0.06678293
932,0.11575899
933,0.12931472
934,0.66774297
935,0.7414461
936,0.17791365
937,0.40323716
938,0.13431004
939,0.9449997
940,0.15731862
941,0.028922075
942,0.92310464
943,0.4816838
944,0.02492274
945,0.50348663
946,0.46334392
947,0.41179627
948,0.16186234
949,0.04826217
950,0.31226942
951,0.10828207
952,0.8290031
953,0.2832979
954,0.5319899
955,0.09302121
956,0.9460446
957,0.82222515
958,0.029042471
959,0.8656944
960,0.416623
961,0.9805761
962,0.64037114
963,0.94616807
964,0.030971307
965,0.5463691
966,0.92332023
967,0.8597314
968,0.54157466
969,0.19880983
970,0.8971475
971,0.61071944
972,0.58176947
973,0.68799436
974,0.8731927
975,0.459053
976,0.13186334
977,0.29279715
978,0.12585217
979,0.8995152
980,0.9576732
981,0.61492807
982,0.5521099
983,0.2096018
984,0.6812777
985,0.9558373
986,0.041208554
987,0.5372447
988,0.30041692
989,0.9072455
990,0.4379071
991,0.47243953
992,0.592661
993,0.92282355
994,0.05903884
995,0.24598469
996,0.86495
997,0.9413279
998,0.6075641
999,0.68918383
1000,0.51682055
1001,0.9556931
1002,0.040163647
1003,0.98447824
1004,0.36220187
1005,0.93376994
1006,0.75152045
1007,0.64917344
1008,0.8764229
1009,0.93730855
1010,0.9356172
1011,0.9825401
1012,0.51634985
1013,0.2659409
1014,0.5642398
1015,0.10750966
1016,0.97102654
1017,0.06672281
1018,0.40127346
1019,0.8885745
1020,0.22942862
1021,0.4959017
1022,0.24965928
1023,0.744979
1024,0.1313326
1025,0.892337
1026,0.23295678
1027,0.052318253
1028,0.047771238
1029,0.08474986
1030,0.69401246
1031,0.35400522
1032,0.4926838
1033,0.9632895
1034,0.74761766
1035,0.9648261
1036,0.09709491
1037,0.6946365
1038,0.79580736
1039,0.42069906
1040,0.3093152
1041,0.24997738
1042,0.96081316
1043,0.6975825
1044,0.3110093
1045,0.5432866
1046,0.81056446
1047,0.3296028
1048,0.12824312
1049,0.81352043
1050,0.870515
1051,0.94892544
1052,0.4980346
1053,0.3377726
1054,0.23212065
1055,0.06340483
1056,0.3735103
1057,0.26412594
1058,0.925962
1059,0.029194951
1060,0.9547895
1061,0.8267205
1062,0.116596945
1063,0.8591116
1064,0.71590024
1065,0.20429046
1066,0.66902715
1067,0.6697216
1068,0.5716763
1069,0.7662053
1070,0.6089508
1071,0.9483873
1072,0.93727946
1073,0.09628172
1074,0.31157726
1075,0.30460206
1076,0.56083316
1077,0.8363715
1078,0.4148365
1079,0.04415725
1080,0.017998321
1081,0.97520995
1082,0.38402668
1083,0.40112793
1084,0.020054538
1085,0.22772644
1086,0.53909355
1087,0.017753063
1088,0.5724438
1089,0.053671103
1090,0.9611432
1091,0.24382268
1092,0.8022317
1093,0.5942568
1094,0.8873893
1095,0.11119049
1096,0.93995315
1097,0.50465006
1098,0.97889346
1099,0.9761594
1100,0.9699101
1101,0.7874894
1102,0.43533474
1103,0.764579
1104,0.98035526
1105,0.77199596
1106,0.079096064
1107,0.89762324
1108,0.039720405
1109,0.16188487
1110,0.41906896
1111,0.051745247
1112,0.6463401
1113,0.068577096
1114,0.5249207
1115,0.30485985
1116,0.70728457
1117,0.027091848
1118,0.32862753
1119,0.07657201
1120,0.23881347
1121,0.928159
1122,0.3958971
1123,0.0316746
1124,0.67460835
1125,0.61411023
1126,0.29969817
1127,0.59084874
1128,0.27049848
1129,0.051337786
1130,0.39549068
1131,0.24965928
1132,0.85791016
1133,0.12414816
1134,0.94872165
1135,0.33618122
1136,0.106050335
1137,0.3548226
1138,0.75870216
1139,0.8186945
1140,0.23719078
1141,0.6326304
1142,0.49366388
1143,0.13263685
1144,0.06921423
1145,0.97955185
1146,0.7863171
1147,0.9471858
1148,0.38564983
1149,0.5171494
1150,0.5353168
1151,0.12287715
1152,0.51661044
1153,0.6010068
1154,0.3468111
1155,0.62046474
1156,0.76109433
1157,0.19948974
1158,0.27894777
1159,0.29311183
1160,0.8301538
1161,0.07694448
1162,0.44855288
1163,0.21614575
1164,0.5596065
1165,0.974281
1166,0.019991808
1167,0.039656315
1168,0.5099011
1169,0.32337192
1170,0.043690503
1171,0.09390634
1172,0.14051025
1173,0.099842094
1174,0.111721784
1175,0.92901844
1176,0.23461582
1177,0.31504706
1178,0.02029203
1179,0.19683358
1180,0.54613304
1181,0.8665222
1182,0.39704397
1183,0.9796932
1184,0.41904914
1185,0.3482408
1186,0.11894158
1187,0.3316429
1188,0.061792668
1189,0.97111356
1190,0.048206076
1191,0.3132769
1192,0.47451732
1193,0.9353695
1194,0.92415935
1195,0.41882044
1196,0.87360036
1197,0.36089075
1198,0.45013627
1199,0.92015666
1200,0.8268433
1201,0.30486608
1202,0.0645963
1203,0.96419466
1204,0.8742219
1205,0.9683327
1206,0.32004267
1207,0.42039362
1208,0.027062459
1209,0.63809097
1210,0.69672346
1211,0.08652316
1212,0.42627457
1213,0.30733618
1214,0.12540476
1215,0.44804764
1216,0.2831212
1217,0.6781814
1218,0.25326616
1219,0.9463396
1220,0.97038054
1221,0.9066573
1222,0.8626008
1223,0.7254956
1224,0.14273186
1225,0.38025093
1226,0.93553925
1227,0.6510079
1228,0.105680585
1229,0.772904
1230,0.96152925
1231,0.5479783
1232,0.65840316
1233,0.6072052
1234,0.4673331
1235,0.4653368
1236,0.46798497
1237,0.024992293
1238,0.20946382
1239,0.01675584
1240,0.36274508
1241,0.043476723
1242,0.028733388
1243,0.10309694
1244,0.6150326
1245,0.27629328
1246,0.54537374
1247,0.7419743
1248,0.55976176
1249,0.9517331
1250,0.7134109
1251,0.39686123
1252,0.5137199
1253,0.4124823
1254,0.9356207
1255,0.21008681
1256,0.8985574
1257,0.9789621
1258,0.9816444
1259,0.84091145
1260,0.35604468
1261,0.950151
1262,0.11293902
1263,0.5274621
1264,0.26538527
1265,0.28836527
1266,0.12374161
1267,0.9834826
1268,0.32107723
1269,0.8352456
1270,0.9283866
1271,0.36275542
1272,0.7618772
1273,0.7756623
1274,0.5959568
1275,0.0762848
1276,0.31949875
1277,0.66839504
1278,0.38192075
1279,0.85109484
1280,0.6607001
1281,0.16579375
1282,0.07786475
1283,0.9496433
1284,0.319268
1285,0.3349784
1286,0.85331416
1287,0.46684745
1288,0.98832345
1289,0.1479956
1290,0.17891228
1291,0.8117554
1292,0.13472448
1293,0.060386866
1294,0.22905847
1295,0.9650495
1296,0.88742167
1297,0.057827342
1298,0.31542522
1299,0.1553782
1300,0.9550514
1301,0.08061194
1302,0.021787623
1303,0.5724372
1304,0.35072693
1305,0.83346
1306,0.7237771
1307,0.45599127
1308,0.09422201
1309,0.7517529
1310,0.12865508
1311,0.57362187
1312,0.087518685
1313,0.040131297
1314,0.30260754
1315,0.080723755
1316,0.89502114
1317,0.93169487
1318,0.6203768
1319,0.9451289
1320,0.91922456
1321,0.8796342
1322,0.70528406
1323,0.0566847
1324,0.31894073
1325,0.13418241
1326,0.91036063
1327,0.036994096
1328,0.14927311
1329,0.04899927
1330,0.6701951
1331,0.037772566
1332,0.9812422
1333,0.8031225
1334,0.94362944
1335,0.9776939
1336,0.074179105
1337,0.8697839
1338,0.031027233
1339,0.26792058
1340,0.66042286
1341,0.0722922
1342,0.3175065
1343,0.1527018
1344,0.04669088
1345,0.9775558
1346,0.68977237
1347,0.094461694
1348,0.3034867
1349,0.7449696
1350,0.98305833
1351,0.44744226
1352,0.2286605
1353,0.40100846
1354,0.6625395
1355,0.13897544
1356,0.37932616
1357,0.1561162
1358,0.83809745
1359,0.43239716
1360,0.6331039
1361,0.9732047
1362,0.69696844
1363,0.9520821
1364,0.41006786
1365,0.89710355
1366,0.4437514
1367,0.86189485
1368,0.048120376
1369,0.38402668
1370,0.94382465
1371,0.15271607
1372,0.08525683
1373,0.6738341
1374,0.5271217
1375,0.8139621
1376,0.85235584
1377,0.09673173
1378,0.9247228
1379,0.7979928
1380,0.49037513
1381,0.2520268
1382,0.31004465
1383,0.57087654
1384,0.15392789
1385,0.058538094
1386,0.508464
1387,0.48443875
1388,0.5756729
1389,0.96796733
1390,0.45205104
1391,0.016680934
1392,0.64540976
1393,0.9695182
1394,0.32248807
1395,0.44893155
1396,0.93717444
1397,0.435592
1398,0.30824742
1399,0.9774588
1400,0.4384253
1401,0.21425982
1402,0.48263952
1403,0.55612683
1404,0.3933611
1405,0.68281376
1406,0.8544855
1407,0.94449055
1408,0.16801275
1409,0.23348276
1410,0.85893583
1411,0.8436527
1412,0.018607885
1413,0.051838778
1414,0.041630678
1415,0.32465404
1416,0.97246236
1417,0.9238616
1418,0.325627
1419,0.8271289
1420,0.46459848
1421,0.51585305
1422,0.040268615
1423,0.026514754
1424,0.41379708
1425,0.97372365
1426,0.6379057
1427,0.8464855
1428,0.018531118
1429,0.93976057
1430,0.8129028
1431,0.9205251
1432,0.9129084
1433,0.044148196
1434,0.498168
1435,0.83097965
1436,0.83470935
1437,0.3997509
1438,0.48582006
1439,0.8007192
1440,0.555976
1441,0.7772422
1442,0.37720034
1443,0.8581774
1444,0.2110949
1445,0.9742843
1446,0.89691716
1447,0.850666
1448,0.65109164
1449,0.287346
1450,0.48253098
1451,0.052479975
1452,0.5412904
1453,0.8515413
1454,0.09669263
1455,0.20606443
1456,0.63235223
1457,0.66928965
1458,0.64201367
1459,0.15115494
1460,0.2968052
1461,0.5109867
1462,0.42159814
1463,0.48525432
1464,0.6446626
1465,0.07199569
1466,0.5783263
1467,0.49973884
1468,0.40928563
1469,0.93807036
1470,0.8695985
1471,0.4620976
1472,0.08688923
1473,0.680564
1474,0.7000566
1475,0.98041546
1476,0.7299089
1477,0.058956765
1478,0.9333583
1479,0.74072176
1480,0.91910046
1481,0.6548994
1482,0.9824561
1483,0.098541625
1484,0.94679695
1485,0.31248775
1486,0.046277937
1487,0.9569359
1488,0.8264425
1489,0.85548913
1490,0.71451116
1491,0.7078932
1492,0.5302078
1493,0.63691086
1494,0.8149391
1495,0.07155812
1496,0.693966
1497,0.9305998
1498,0.119063415
1499,0.9387584
1500,0.36652777
1501,0.36340755
1502,0.09905896
1503,0.7874486
1504,0.971117
1505,0.7144093
1506,0.5006165
1507,0.83088934
1508,0.9835776
1509,0.21151488
1510,0.8210211
1511,0.09058675
1512,0.9314312
1513,0.94046926
1514,0.5145786
1515,0.94669795
1516,0.6399133
1517,0.4816761
1518,0.6147762
1519,0.6007228
1520,0.91911095
1521,0.2347465
1522,0.6264749
1523,0.9692303
1524,0.5566887
1525,0.47011214
1526,0.7079059
1527,0.023052756
1528,0.71795183
1529,0.84468234
1530,0.63417727
1531,0.82529044
1532,0.45117605
1533,0.3461858
1534,0.28026736
1535,0.74771464
1536,0.17234704
1537,0.033990845
1538,0.50678575
1539,0.9762631
1540,0.28486326
1541,0.7385973
1542,0.04369377
1543,0.05472266
1544,0.86261106
1545,0.97041434
1546,0.5662275
1547,0.35964268
1548,0.39770898
1549,0.71843374
1550,0.06020671
1551,0.7642355
1552,0.10487669
1553,0.9842413
1554,0.5193687
1555,0.44024557
1556,0.03214636
1557,0.061832447
1558,0.9762768
1559,0.4950345
1560,0.53717583
1561,0.53506094
1562,0.036602955
1563,0.50215983
1564,0.55060804
1565,0.25661042
1566,0.105032876
1567,0.94821846
1568,0.9451996
1569,0.022632131
1570,0.7950609
1571,0.7205975
1572,0.15036888
1573,0.65424186
1574,0.49984574
1575,0.67695576
1576,0.5132756
1577,0.038449027
1578,0.1246468
1579,0.17377202
1580,0.24777538
1581,0.2360022
1582,0.80808395
1583,0.87048626
1584,0.02647147
1585,0.23745365
1586,0.039669998
1587,0.8731927
1588,0.4427215
1589,0.5424653
1590,0.83098876
1591,0.45320308
1592,0.7967711
1593,0.6879544
1594,0.716307
1595,0.20672444
1596,0.616402
1597,0.45929983
1598,0.74645376
1599,0.21422507
1600,0.54047114
1601,0.0681717
1602,0.96943027
1603,0.38248754
1604,0.95305306
1605,0.21266042
1606,0.03823808
1607,0.7275263
1608,0.39402997
1609,0.019123916
1610,0.88443244
1611,0.72311354
1612,0.67116225
1613,0.05654994
1614,0.81530833
1615,0.032326724
1616,0.33615112
1617,0.88396686
1618,0.39808765
1619,0.934825
1620,0.20485581
1621,0.8620649
1622,0.084929444
1623,0.27466983
1624,0.4270354
1625,0.33702317
1626,0.9735021
1627,0.16322213
1628,0.9650283
1629,0.07441348
1630,0.5164786
1631,0.8291299
1632,0.29839823
1633,0.32445672
1634,0.39828134
1635,0.96160907
1636,0.57410496
1637,0.06161551
1638,0.74294984
1639,0.1269664
1640,0.48112762
1641,0.97531825
1642,0.9740596
1643,0.43610093
1644,0.60696775
1645,0.5689007
1646,0.952729
1647,0.7945333
1648,0.9808435
1649,0.4438196
1650,0.12265405
1651,0.10229523
1652,0.9835376
1653,0.56960934
1654,0.4979316
1655,0.906688
1656,0.83277833
1657,0.4922349
1658,0.7105969
1659,0.0533279
1660,0.06372756
1661,0.7732129
1662,0.9723804
1663,0.028713893
1664,0.9713948
1665,0.9199526
1666,0.5722292
1667,0.11769535
1668,0.105783366
1669,0.21760602
1670,0.33410016
1671,0.6387606
1672,0.9607969
1673,0.47317356
1674,0.18916827
1675,0.57884324
1676,0.35230142
1677,0.34548986
1678,0.633398
1679,0.62293947
1680,0.07210609
1681,0.56006116
1682,0.9589349
1683,0.5564046
1684,0.5413986
1685,0.31124333
1686,0.78298056
1687,0.7264875
1688,0.104056895
1689,0.5798942
1690,0.047783256
1691,0.97631603
1692,0.25625446
1693,0.91682565
1694,0.29450178
1695,0.6275458
1696,0.48833746
1697,0.03479321
1698,0.2048018
1699,0.71985555
1700,0.7135262
1701,0.81352186
1702,0.33113825
1703,0.57847583
1704,0.95305425
1705,0.29385763
1706,0.45950946
1707,0.05979164
1708,0.4004046
1709,0.52732474
1710,0.20145571
1711,0.8835873
1712,0.15540619
1713,0.69098324
1714,0.9072455
1715,0.6850662
1716,0.9644466
1717,0.9385425
1718,0.4886921
1719,0.7312563
1720,0.8361811
1721,0.21022141
1722,0.024303418
1723,0.05902966
1724,0.03711235
1725,0.14938517
1726,0.84853905
1727,0.38771793
1728,0.693966
1729,0.48604006
1730,0.7171217
1731,0.041083112
1732,0.029935133
1733,0.022894645
1734,0.28092483
1735,0.53984666
1736,0.89106745
1737,0.82952565
1738,0.61452365
1739,0.15777954
1740,0.5435309
1741,0.69018805
1742,0.80853015
1743,0.8336488
1744,0.34063515
1745,0.5593346
1746,0.924283
1747,0.8803259
1748,0.41250852
1749,0.47015852
1750,0.15169089
1751,0.6976716
1752,0.42848864
1753,0.7550139
1754,0.34014827
1755,0.47914335
1756,0.8953779
1757,0.86805665
1758,0.299178
1759,0.3513654
1760,0.47812274
1761,0.86740154
1762,0.78790396
1763,0.2801467
1764,0.039669998
1765,0.106909655
1766,0.9370662
1767,0.35215637
1768,0.93835235
1769,0.55735666
1770,0.048996907
1771,0.90496606
1772,0.49511585
1773,0.22748198
1774,0.6298323
1775,0.93765265
1776,0.3427044
1777,0.487401
1778,0.6246317
1779,0.74643576
1780,0.018219035
1781,0.3426651
1782,0.50185823
1783,0.98820704
1784,0.023981893
1785,0.04798578
1786,0.676664
1787,0.37346202
1788,0.86762345
1789,0.5861792
1790,0.5184985
1791,0.28329775
1792,0.45516342
1793,0.9118245
1794,0.07832644
1795,0.9753795
1796,0.95852214
1797,0.769695
1798,0.37366304
1799,0.035437305
1800,0.17167893
1801,0.2645689
1802,0.9618635
1803,0.8968839
1804,0.9880243
1805,0.4315236
1806,0.80395395
1807,0.87701094
1808,0.8777456
1809,0.9789402
1810,0.20972613
1811,0.45734274
1812,0.9392951
1813,0.44371787
1814,0.8389195
1815,0.015561556
1816,0.08646255
1817,0.08943592
1818,0.8377922
1819,0.38395518
1820,0.8815169
1821,0.8609695
1822,0.5176465
1823,0.11948794
1824,0.8371797
1825,0.6876414
1826,0.94711393
1827,0.92229766
1828,0.64154786
1829,0.2684271
1830,0.5294205
1831,0.03918007
1832,0.2231649
1833,0.8583926
1834,0.32577
1835,0.0967302
1836,0.9184946
1837,0.9449748
1838,0.28220227
1839,0.057371
1840,0.8207514
1841,0.96587265
1842,0.018012363
1843,0.9163307
1844,0.091449134
1845,0.9348775
1846,0.025173094
1847,0.68984866
1848,0.18304501
1849,0.046999827
1850,0.7241867
1851,0.2550351
1852,0.77274877
1853,0.075749494
1854,0.45679078
1855,0.04307977
1856,0.36494246
1857,0.07156089
1858,0.4708759
1859,0.15186915
1860,0.94743943
1861,0.9558576
1862,0.5190368
1863,0.7337143
1864,0.64355665
1865,0.9789388
1866,0.19312753
1867,0.37590346
1868,0.09673715
1869,0.97125137
1870,0.16246264
1871,0.8741107
1872,0.19255647
1873,0.36605924
1874,0.4096897
1875,0.88770276
1876,0.10046557
1877,0.35138914
1878,0.10324714
1879,0.049001724
1880,0.3089358
1881,0.5608053
1882,0.18865877
1883,0.4322683
1884,0.46434182
1885,0.06267729
1886,0.95153975
1887,0.38405776
1888,0.33127937
1889,0.12378044
1890,0.4691973
1891,0.56198543
1892,0.5068284
1893,0.06970701
1894,0.3975242
1895,0.5700004
1896,0.1823818
1897,0.4455758
1898,0.96077913
1899,0.72358847
1900,0.45125625
1901,0.42509428
1902,0.3356678
1903,0.110450424
1904,0.03574387
1905,0.108904615
1906,0.56887555
1907,0.7602897
1908,0.11210937
1909,0.64493024
1910,0.044473674
1911,0.16207305
1912,0.28840598
1913,0.36876658
1914,0.43792892
1915,0.31067985
1916,0.26353377
1917,0.68960005
1918,0.56320876
1919,0.038561516
1920,0.047649514
1921,0.55989975
1922,0.3285271
1923,0.14063716
1924,0.56172156
1925,0.08396879
1926,0.065295994
1927,0.2486197
1928,0.7202302
1929,0.92337674
1930,0.9762458
1931,0.62943625
1932,0.9529003
1933,0.9021815
1934,0.45891187
1935,0.60471064
1936,0.952729
1937,0.9449672
1938,0.6120928
1939,0.45327392
1940,0.7673846
1941,0.968614
1942,0.071454085
1943,0.88797355
1944,0.05121235
1945,0.536644
1946,0.5891612
1947,0.96773714
1948,0.09260835
1949,0.039589085
1950,0.23247279
1951,0.29041734
1952,0.3933611
1953,0.03169349
1954,0.7943732
1955,0.47112486
1956,0.41721034
1957,0.85027516
1958,0.19143419
1959,0.5640898
1960,0.66315
1961,0.028986292
1962,0.18051946
1963,0.61427265
1964,0.61416847
1965,0.018720778
1966,0.09358301
1967,0.825785
1968,0.31686193
1969,0.3345466
1970,0.6019667
1971,0.2995447
1972,0.9312571
1973,0.3725017
1974,0.51588017
1975,0.1879853
1976,0.14142476
1977,0.84907734
1978,0.43611276
1979,0.9646797
1980,0.9769175
1981,0.16357663
1982,0.059214737
1983,0.24029869
1984,0.92444146
1985,0.9391703
1986,0.1321763
1987,0.93593913
1988,0.7521305
1989,0.31674913
1990,0.8586202
1991,0.44528443
1992,0.66297907
1993,0.057783384
1994,0.53205556
1995,0.710274
1996,0.4665642
1997,0.40697822
1998,0.9837413
1999,0.03217243
2000,0.22266513
2001,0.065954655
2002,0.59241015
2003,0.92689264
2004,0.15134946
2005,0.8896271
2006,0.4185814
2007,0.33844253
2008,0.5203822
2009,0.2694667
2010,0.85805744
2011,0.95090723
2012,0.13437806
2013,0.45295724
2014,0.95301795
2015,0.92029434
2016,0.024786487
2017,0.7732016
2018,0.8227059
2019,0.6101917
2020,0.025014348
2021,0.75673616
2022,0.9829092
2023,0.20800795
2024,0.10016107
2025,0.04284143
2026,0.9800862
2027,0.54872507
2028,0.41601056
2029,0.53886956
2030,0.9714685
2031,0.03774411
2032,0.93421155
2033,0.93447155
2034,0.55769324
2035,0.9648402
2036,0.0209274
2037,0.31312346
2038,0.5206553
2039,0.38310757
2040,0.4115855
2041,0.3810704
2042,0.9732852
2043,0.7364826
2044,0.14494272
2045,0.46149245
2046,0.50419855
2047,0.9734875
2048,0.94837195
2049,0.95606184
2050,0.28821108
2051,0.568939
2052,0.93763596
2053,0.026740966
2054,0.6188254
2055,0.7640169
2056,0.8695945
2057,0.04832809
2058,0.45376268
2059,0.4506559
2060,0.6299567
2061,0.026762523
2062,0.5828418
2063,0.60417074
2064,0.9387395
2065,0.93225026
2066,0.7205975
2067,0.95500606
2068,0.58593893
2069,0.50220615
2070,0.48955995
2071,0.065931745
2072,0.18309958
2073,0.5065956
2074,0.97117203
2075,0.06851686
2076,0.5302991
2077,0.7252099
2078,0.07830913
2079,0.8401136
2080,0.9157924
2081,0.9453107
2082,0.40985414
2083,0.94943106
2084,0.11333673
2085,0.16769993
2086,0.15947631
2087,0.90888697
2088,0.48476937
2089,0.38424572
2090,0.36012968
2091,0.5532734
2092,0.15280351
2093,0.09089165
2094,0.5547199
2095,0.13424185
2096,0.4418454
2097,0.755323
2098,0.959813
2099,0.5109867
2100,0.7441479
2101,0.11042288
2102,0.756577
2103,0.40264034
2104,0.4328663
2105,0.62330866
2106,0.8909497
2107,0.42972955
2108,0.48024288
2109,0.7167441
2110,0.412808
2111,0.563754
2112,0.18863286
2113,0.36521643
2114,0.30030462
2115,0.5317047
2116,0.4518317
2117,0.3632753
2118,0.18096285
2119,0.67238283
2120,0.03267478
2121,0.06354838
2122,0.6203673
2123,0.116396084
2124,0.83922
2125,0.57224244
2126,0.019552562
2127,0.27439
2128,0.9827675
2129,0.8235435
2130,0.059816346
2131,0.057699043
2132,0.040860146
2133,0.43101555
2134,0.5606005
2135,0.89153224
2136,0.1631766
2137,0.019591872
2138,0.57705516
2139,0.7478666
2140,0.42007604
2141,0.8829837
2142,0.3963709
2143,0.23551582
2144,0.06857277
2145,0.87829214
2146,0.3603414
2147,0.5920885
2148,0.8699736
2149,0.040980846
2150,0.6096568
2151,0.61277044
2152,0.0805935
2153,0.3068033
2154,0.47094104
2155,0.77215827
2156,0.074596025
2157,0.047486488
2158,0.39975598
2159,0.87174755
2160,0.1303551
2161,0.67438424
2162,0.12962343
2163,0.17707595
2164,0.526699
2165,0.55173546
2166,0.97631603
2167,0.8743365
2168,0.3339543
2169,0.42088968
2170,0.8515129
2171,0.079115085
2172,0.16145317
2173,0.28064033
2174,0.61319697
2175,0.7908296
2176,0.03086263
2177,0.12370765
2178,0.41794232
2179,0.50269663
2180,0.59815913
2181,0.22740366
2182,0.061523717
2183,0.12654771
2184,0.36205038
2185,0.063751556
2186,0.7211088
2187,0.24618196
2188,0.039291028
2189,0.53973466
2190,0.031145148
2191,0.34301457
2192,0.361014
2193,0.9800613
2194,0.9668465
2195,0.47364846
2196,0.02718747
2197,0.8943253
2198,0.30460605
2199,0.063686155
2200,0.96943027
2201,0.81075937
2202,0.729459
2203,0.54958296
2204,0.98390627
2205,0.22938907
2206,0.34962854
2207,0.8812024
2208,0.6382657
2209,0.3273126
2210,0.64704865
2211,0.18649884
2212,0.54748774
2213,0.33805653
2214,0.6346399
2215,0.8419589
2216,0.2670323
2217,0.89168257
2218,0.22499117
2219,0.9728702
2220,0.98224014
2221,0.38227803
2222,0.9622562
2223,0.5350824
2224,0.8788453
2225,0.031775534
2226,0.7557528
2227,0.030923396
2228,0.037993573
2229,0.47304377
2230,0.7204902
2231,0.7323692
2232,0.46135116
2233,0.8149752
2234,0.6721363
2235,0.6654273
2236,0.5333073
2237,0.90876794
2238,0.15078904
2239,0.8543374
2240,0.7410032
2241,0.9771747
2242,0.6449892
2243,0.97145104
2244,0.25511092
2245,0.24087726
2246,0.7661217
2247,0.9804479
2248,0.67270017
2249,0.32550415
2250,0.96450305
2251,0.7409403
2252,0.34442842
2253,0.10766774
2254,0.47826722
2255,0.9036822
2256,0.4376927
2257,0.12665367
2258,0.91791576
2259,0.36340755
2260,0.75490135
2261,0.07708628
2262,0.33208078
2263,0.7845934
2264,0.88388836
2265,0.016680934
2266,0.32633263
2267,0.03314392
2268,0.74420923
2269,0.9739213
2270,0.31561306
2271,0.097242065
2272,0.45603085
2273,0.96176183
2274,0.9430442
2275,0.96706945
2276,0.51691866
2277,0.056852307
2278,0.14768963
2279,0.5659242
2280,0.9763133
2281,0.056619264
2282,0.69346124
2283,0.6549286
2284,0.26661986
2285,0.7220946
2286,0.18998572
2287,0.09911158
2288,0.31529084
2289,0.072089985
2290,0.14283915
2291,0.3461422
2292,0.8978028
2293,0.32466692
2294,0.14232647
2295,0.5360609
2296,0.34260163
2297,0.4343666
2298,0.46969646
2299,0.5217731
2300,0.54875463
2301,0.5528787
2302,0.9646516
2303,0.9724824
2304,0.21377487
2305,0.7595567
2306,0.07118375
2307,0.6561134
2308,0.559019
2309,0.2974145
2310,0.30992264
2311,0.033071764
2312,0.029301615
2313,0.6501413
2314,0.47444236
2315,0.25264427
2316,0.94457424
2317,0.64899516
2318,0.68966985
2319,0.118542634
2320,0.07383459
2321,0.8655669
2322,0.16503686
2323,0.5024978
2324,0.67535895
2325,0.4891296
2326,0.6790258
2327,0.7729369
2328,0.6395238
2329,0.5914153
2330,0.626398
2331,0.18598469
2332,0.022894645
2333,0.35115975
2334,0.90856725
2335,0.9518954
2336,0.871105
2337,0.9640024
2338,0.8629007
2339,0.07368302
2340,0.1730301
2341,0.85436904
2342,0.35397574
2343,0.66569406
2344,0.9574092
2345,0.3798997
2346,0.3546612
2347,0.053238668
2348,0.1858916
2349,0.8265983
2350,0.9561355
2351,0.14497218
2352,0.32238954
2353,0.023632554
2354,0.6685423
2355,0.92478806
2356,0.92675203
2357,0.68003243
2358,0.97164774
2359,0.56877995
2360,0.77361125
2361,0.9286304
2362,0.87767005
2363,0.9292192
2364,0.5639548
2365,0.37806857
2366,0.095544025
2367,0.17941482
2368,0.8531001
2369,0.9542827
2370,0.30139503
2371,0.8200132
2372,0.8001439
2373,0.24694224
2374,0.25401536
2375,0.7480759
2376,0.58319664
2377,0.5666583
2378,0.3278443
2379,0.90337586
2380,0.21771142
2381,0.90837914
2382,0.45085844
2383,0.07811933
2384,0.29262352
2385,0.04307977
2386,0.8793594
2387,0.8362621
2388,0.55323297
2389,0.53084266
2390,0.18611881
2391,0.29176173
2392,0.119024165
2393,0.7997395
2394,0.9441133
2395,0.31650776
2396,0.26597667
2397,0.5350601
2398,0.028071437
2399,0.04961918
2400,0.91250646
2401,0.43792892
2402,0.3448514
2403,0.06279256
2404,0.9626986
2405,0.47217447
2406,0.6522727
2407,0.8172267
2408,0.023245443
2409,0.11066403
2410,0.10735528
2411,0.32490024
2412,0.037256885
2413,0.7385195
2414,0.4754424
2415,0.593865
2416,0.09689817
2417,0.51284856
2418,0.734149
2419,0.1359302
2420,0.71652013
2421,0.46150655
2422,0.50357836
2423,0.03880905
2424,0.41937333
2425,0.56204665
2426,0.577909
2427,0.88543963
2428,0.9152618
2429,0.47750038
2430,0.41690347
2431,0.75416195
2432,0.13515878
2433,0.18126197
2434,0.9648254
2435,0.8848511
2436,0.74079984
2437,0.4791971
2438,0.06957407
2439,0.60531485
2440,0.13086082
2441,0.8956529
2442,0.95801353
2443,0.21467409
2444,0.984703
2445,0.7969401
2446,0.051856287
2447,0.147831
2448,0.5711469
2449,0.3678423
2450,0.31156772
2451,0.031867005
2452,0.43472233
2453,0.63823557
2454,0.9734874
2455,0.13156639
2456,0.7455618
2457,0.6129538
2458,0.12135241
2459,0.95048994
2460,0.98696274
2461,0.7754132
2462,0.51822275
2463,0.9707327
2464,0.16013159
2465,0.7475213
2466,0.5116
2467,0.052406836
2468,0.97071284
2469,0.30349147
2470,0.07561243
2471,0.66823035
2472,0.5298513
2473,0.95618594
2474,0.78641355
2475,0.43411046
2476,0.974375
2477,0.95321643
2478,0.7539867
2479,0.026122069
2480,0.9548005
2481,0.2701568
2482,0.16636151
2483,0.5903895
2484,0.8693013
2485,0.9515972
2486,0.14520939
2487,0.97714
2488,0.0947083
2489,0.18442868
2490,0.9687283
2491,0.6823522
2492,0.7208447
2493,0.64206374
2494,0.7955899
2495,0.016282188
2496,0.7068762
2497,0.015999753
2498,0.42607373
2499,0.39772123
2500,0.30992264
2501,0.10359182
2502,0.7162146
2503,0.03707478
2504,0.96881336
2505,0.06153466
2506,0.43277287
2507,0.03560589
2508,0.54897964
2509,0.85596615
2510,0.4870561
2511,0.16188487
2512,0.76978797
2513,0.69122416
2514,0.03825533
2515,0.8210361
2516,0.054334253
2517,0.46234372
2518,0.52066094
2519,0.025776498
2520,0.86082613
2521,0.93350536
2522,0.12588911
2523,0.67239165
2524,0.057505023
2525,0.83257955
2526,0.19494566
2527,0.021913473
2528,0.9585525
2529,0.31762943
2530,0.3741601
2531,0.34338015
2532,0.75802845
2533,0.34747994
2534,0.9648402
2535,0.77955276
2536,0.41923898
2537,0.83096284
2538,0.88307095
2539,0.7411695
2540,0.47539288
2541,0.63171774
2542,0.3346787
2543,0.93158066
2544,0.37504745
2545,0.041132636
2546,0.024536226
2547,0.32709223
2548,0.5852975
2549,0.9632895
2550,0.4509898
2551,0.3135373
2552,0.8760141
2553,0.65840614
2554,0.971272
2555,0.5022599
2556,0.62964344
2557,0.38981825
2558,0.59028697
2559,0.13215755
2560,0.630209
2561,0.14063716
2562,0.22989789
2563,0.09651149
2564,0.04113778
2565,0.79725456
2566,0.6032292
2567,0.33396405
2568,0.035515614
2569,0.47907725
2570,0.88111866
2571,0.6978894
2572,0.97609454
2573,0.21931589
2574,0.20211612
2575,0.4367624
2576,0.3993698
2577,0.65443623
2578,0.19414774
2579,0.87836176
2580,0.44855288
2581,0.85349256
2582,0.074652426
2583,0.30500746
2584,0.6658707
2585,0.5213665
2586,0.23357336
2587,0.4384253
2588,0.8978696
2589,0.37858063
2590,0.74945635
2591,0.8577399
2592,0.97640675
2593,0.25197235
2594,0.34375516
2595,0.87745506
2596,0.82847077
2597,0.34707952
2598,0.08487454
2599,0.04793044
2600,0.59506106
2601,0.8937312
2602,0.09782093
2603,0.2698572
2604,0.9776939
2605,0.51748157
2606,0.14988428
2607,0.15430231
2608,0.030131193
2609,0.7185243
2610,0.4056896
2611,0.85347795
2612,0.89076656
2613,0.11646135
2614,0.98255205
2615,0.080176145
2616,0.13117662
2617,0.36605924
2618,0.49663323
2619,0.76258373
2620,0.56939834
2621,0.08600945
2622,0.94939506
2623,0.6691847
2624,0.035995573
2625,0.26424384
2626,0.5114083
2627,0.7933768
2628,0.04556261
2629,0.6927796
2630,0.6456436
2631,0.9272558
2632,0.5873848
2633,0.75253457
2634,0.27725357
2635,0.61414313
2636,0.9834975
2637,0.05180259
2638,0.7449773
2639,0.02265575
2640,0.52981347
2641,0.8981256
2642,0.038429897
2643,0.05189586
2644,0.6522422
2645,0.50327885
2646,0.82340676
2647,0.65231895
2648,0.34790042
2649,0.54219335
2650,0.2115457
2651,0.98239845
2652,0.7182996
2653,0.84297276
2654,0.26441902
2655,0.40881002
2656,0.85055655
2657,0.8518846
2658,0.6264241
2659,0.6023488
2660,0.5009081
2661,0.94302404
2662,0.88887006
2663,0.044605836
2664,0.63492036
2665,0.5886046
2666,0.2147357
2667,0.34530523
2668,0.5636244
2669,0.12656483
2670,0.0859225
2671,0.9319061
2672,0.2835081
2673,0.18676901
2674,0.3222356
2675,0.57841015
2676,0.27937356
2677,0.41082445
2678,0.15716441
2679,0.27120882
2680,0.36548275
2681,0.48492754
2682,0.091387644
2683,0.38195977
2684,0.6072052
2685,0.21209083
2686,0.20131558
2687,0.19326112
2688,0.9727393
2689,0.04263596
2690,0.28462148
2691,0.9706479
2692,0.98110116
2693,0.4098981
2694,0.024992418
2695,0.36319986
2696,0.60243744
2697,0.08507483
2698,0.9653418
2699,0.9730514
2700,0.5488534
2701,0.47722557
2702,0.052828517
2703,0.8900837
2704,0.8496613
2705,0.7015996
2706,0.38195848
2707,0.4608503
2708,0.9708646
2709,0.079966016
2710,0.7092546
2711,0.305756
2712,0.64260864
2713,0.93951917
2714,0.5613892
2715,0.33858058
2716,0.022912338
2717,0.1454418
2718,0.91465205
2719,0.4813847
2720,0.19005054
2721,0.8577025
2722,0.71552783
2723,0.36709827
2724,0.049870946
2725,0.22848079
2726,0.83473605
2727,0.88741565
2728,0.98174405
2729,0.03739945
2730,0.35249963
2731,0.29533747
2732,0.94025844
2733,0.6432746
2734,0.026310999
2735,0.2567168
2736,0.28036678
2737,0.9515287
2738,0.29706126
2739,0.055994306
2740,0.7261631
2741,0.819856
2742,0.9530539
2743,0.49100763
2744,0.87987936
2745,0.6829958
2746,0.17318544
2747,0.93752015
2748,0.9785106
2749,0.051548652
2750,0.42102855
2751,0.8744175
2752,0.18035719
2753,0.15704551
2754,0.23119584
2755,0.10876338
2756,0.83903307
2757,0.77208024
2758,0.12779394
2759,0.9818672
2760,0.27361628
2761,0.051120527
2762,0.26670474
2763,0.9097134
2764,0.37013468
2765,0.12377477
2766,0.67114294
2767,0.74291575
2768,0.8902914
2769,0.8821915
2770,0.1269664
2771,0.46181107
2772,0.055994306
2773,0.8770554
2774,0.3103559
2775,0.8653891
2776,0.13769458
2777,0.8256977
2778,0.36868778
2779,0.050155368
2780,0.95500606
2781,0.6042861
2782,0.33363765
2783,0.46564874
2784,0.06994285
2785,0.744979
2786,0.54997313
2787,0.039204456
2788,0.6041806
2789,0.9280953
2790,0.9443422
2791,0.040534895
2792,0.038537886
2793,0.46276036
2794,0.120231286
2795,0.7012941
2796,0.60003203
2797,0.3225459
2798,0.33410016
2799,0.8672707
2800,0.35576913
2801,0.64212686
2802,0.5216472
2803,0.059749406
2804,0.7241498
2805,0.8910964
2806,0.68776065
2807,0.4810784
2808,0.034622602
2809,0.6594802
2810,0.65880144
2811,0.01351875
2812,0.6401658
2813,0.92049813
2814,0.96001166
2815,0.69133615
2816,0.65946436
2817,0.54347575
2818,0.9786905
2819,0.5336598
2820,0.14068118
2821,0.36007214
2822,0.09143466
2823,0.9724701
2824,0.7109172
2825,0.8719696
2826,0.5892134
2827,0.23178908
2828,0.1401881
2829,0.0382126
2830,0.4125669
2831,0.20564273
2832,0.9784556
2833,0.1792915
2834,0.37411866
2835,0.52063686
2836,0.782163
2837,0.9761372
2838,0.029452913
2839,0.092994034
2840,0.47431967
2841,0.53579694
2842,0.15269507
2843,0.43013898
2844,0.03593494
2845,0.759903
2846,0.66784793
2847,0.54147154
2848,0.08203765
2849,0.9606303
2850,0.84055525
2851,0.9493463
2852,0.9350586
2853,0.15419658
2854,0.9531362
2855,0.1331095
2856,0.98101336
2857,0.4491815
2858,0.96455574
2859,0.016235702
2860,0.39184368
2861,0.37235424
2862,0.26746315
2863,0.44320118
2864,0.73528713
2865,0.8323291
2866,0.88448983
2867,0.8978028
2868,0.9183042
2869,0.0970461
2870,0.34199423
2871,0.94490504
2872,0.39910406
2873,0.32083556
2874,0.5957423
2875,0.5423483
2876,0.14967327
2877,0.5786758
2878,0.7681241
2879,0.90071833
2880,0.6964909
2881,0.586523
2882,0.43077582
2883,0.14556867
2884,0.2364687
2885,0.08224416
2886,0.6162752
2887,0.23682928
2888,0.025252717
2889,0.2573662
2890,0.9777933
2891,0.5166746
2892,0.5515397
2893,0.5045796
2894,0.31940216
2895,0.39664257
2896,0.020934235
2897,0.8291921
2898,0.4983204
2899,0.40269825
2900,0.95585835
2901,0.01799985
2902,0.05300118
2903,0.7413446
2904,0.81185526
2905,0.2544482
2906,0.7909281
2907,0.8294429
2908,0.89873564
2909,0.988629
2910,0.59379494
2911,0.47434005
2912,0.4970424
2913,0.04681035
2914,0.88044953
2915,0.1980593
2916,0.22907943
2917,0.8326742
2918,0.3638945
2919,0.83799
2920,0.60985893
2921,0.48115322
2922,0.63283694
2923,0.40173072
2924,0.60197544
2925,0.68557477
2926,0.4124282
2927,0.37110686
2928,0.9116034
2929,0.17000692
2930,0.21614464
2931,0.5433812
2932,0.51650566
2933,0.96841675
2934,0.41153246
2935,0.6652945
2936,0.4933394
2937,0.33080277
2938,0.16031098
2939,0.22077496
2940,0.90616256
2941,0.59739536
2942,0.10413466
2943,0.6098193
2944,0.05305544
2945,0.95744133
2946,0.027381567
2947,0.6050961
2948,0.4992186
2949,0.92632365
2950,0.23745365
2951,0.8710238
2952,0.8775117
2953,0.13147369
2954,0.78879297
2955,0.4050611
2956,0.69963604
2957,0.91787946
2958,0.17826405
2959,0.609952
2960,0.6942896
2961,0.2603235
2962,0.3075231
2963,0.5684795
2964,0.8743992
2965,0.91365236
2966,0.39607787
2967,0.119793884
2968,0.10612972
2969,0.1087503
2970,0.76566225
2971,0.19645886
2972,0.87510914
2973,0.3647684
2974,0.668743
2975,0.023531526
2976,0.5627399
2977,0.88044715
2978,0.83450454
2979,0.88416994
2980,0.2007252
2981,0.5546508
2982,0.023074357
2983,0.03579674
2984,0.9012904
2985,0.7232576
2986,0.2596879
2987,0.4510559
2988,0.03296437
2989,0.5260517
2990,0.5267866
2991,0.3903551
2992,0.037106838
2993,0.12706578
2994,0.25119618
2995,0.51418257
2996,0.5902784
2997,0.8978964
2998,0.41229513
2999,0.40518257
3000,0.23959762
3001,0.23959762
3002,0.38156232
3003,0.50746393
3004,0.05979164
3005,0.8704794
3006,0.649972
3007,0.07830913
3008,0.9729891
3009,0.8741107
3010,0.55355185
3011,0.7825119
3012,0.8675343
3013,0.39910406
3014,0.88011354
3015,0.12337248
3016,0.20556453
3017,0.27054614
3018,0.92720366
3019,0.32855535
3020,0.7124972
3021,0.8155401
3022,0.40054962
3023,0.97331446
3024,0.7894393
3025,0.18887794
3026,0.7248702
3027,0.46318284
3028,0.9814835
3029,0.9438713
3030,0.25058952
3031,0.9033024
3032,0.9549202
3033,0.92441034
3034,0.036198523
3035,0.8003263
3036,0.62429905
3037,0.43115735
3038,0.28586084
3039,0.4828391
3040,0.8172165
3041,0.36868778
3042,0.43297812
3043,0.9530473
3044,0.16648385
3045,0.42973867
3046,0.97104555
3047,0.5203773
3048,0.98422605
3049,0.89555967
3050,0.3739957
3051,0.056852307
3052,0.9199526
3053,0.95661646
3054,0.9768339
3055,0.21408126
3056,0.15988328
3057,0.764185
3058,0.43312225
3059,0.96457136
3060,0.84822947
3061,0.9610873
3062,0.22978519
3063,0.08819014
3064,0.28026736
3065,0.74017763
3066,0.92697406
3067,0.83448094
3068,0.81085247
3069,0.1561162
3070,0.46953204
3071,0.15202205
3072,0.96670645
3073,0.25351062
3074,0.35807753
3075,0.0640413
3076,0.96769834
3077,0.11119049
3078,0.9754937
3079,0.9718441
3080,0.9842391
3081,0.6102417
3082,0.8291921
3083,0.26989385
3084,0.3905089
3085,0.8796583
3086,0.16052318
3087,0.9857227
3088,0.09978566
3089,0.39582622
3090,0.67910206
3091,0.112122595
3092,0.98706925
3093,0.5109867
3094,0.60255575
3095,0.08892025
3096,0.16869019
3097,0.3040044
3098,0.97311515
3099,0.6562687
3100,0.52037215
3101,0.61222404
3102,0.1344511
3103,0.21477905
3104,0.17322952
3105,0.984458
3106,0.020131346
3107,0.0219608
3108,0.20398323
3109,0.12938757
3110,0.6155687
3111,0.9395316
3112,0.36759052
3113,0.51796514
3114,0.7485241
3115,0.6449066
3116,0.44607076
3117,0.14028718
3118,0.16568507
3119,0.8678625
3120,0.92338485
3121,0.29659426
3122,0.25784072
3123,0.52896774
3124,0.16234183
3125,0.032545764
3126,0.4765585
3127,0.9165089
3128,0.4942731
3129,0.9397955
3130,0.83692056
3131,0.34023494
3132,0.9176688
3133,0.95626664
3134,0.84297276
3135,0.63783807
3136,0.9302647
3137,0.8657101
3138,0.870039
3139,0.14232647
3140,0.035261493
3141,0.7502659
3142,0.3377726
3143,0.9499278
3144,0.831985
3145,0.15302505
3146,0.22325565
3147,0.98299336
3148,0.3908515
3149,0.11817199
3150,0.8496272
3151,0.08947286
3152,0.9185975
3153,0.43281776
3154,0.701308
3155,0.16234408
3156,0.28616995
3157,0.97188246
3158,0.5100994
3159,0.029230535
3160,0.5750238
3161,0.49295795
3162,0.9074274
3163,0.389496
3164,0.52012336
3165,0.5992229
3166,0.2877192
3167,0.92474645
3168,0.8344201
3169,0.16652639
3170,0.37263462
3171,0.86344063
3172,0.50914097
3173,0.05610373
3174,0.9057503
3175,0.55174714
3176,0.0762848
3177,0.93212193
3178,0.43289027
3179,0.88903934
3180,0.17293252
3181,0.2705818
3182,0.7038956
3183,0.07583166
3184,0.22915009
3185,0.04862294
3186,0.08231422
3187,0.78131294
3188,0.494804
3189,0.30738723
3190,0.96511424
3191,0.019400893
3192,0.48967806
3193,0.8857927
3194,0.08134144
3195,0.55344236
3196,0.75622845
3197,0.54837346
3198,0.30809942
3199,0.40597886
3200,0.068904534
3201,0.9319901
3202,0.37171838
3203,0.07988561
3204,0.16471694
3205,0.26918113
3206,0.29485664
3207,0.8772285
3208,0.56483054
3209,0.9727716
3210,0.5903895
3211,0.6078791
3212,0.53136694
3213,0.7299239
3214,0.76839864
3215,0.2159492
3216,0.5079418
3217,0.13755238
3218,0.371169
3219,0.04471361
3220,0.62028366
3221,0.23524043
3222,0.92138535
3223,0.5309746
3224,0.8236794
3225,0.07212645
3226,0.21347979
3227,0.6924466
3228,0.1574687
3229,0.5046206
3230,0.6406213
3231,0.049894348
3232,0.12346664
3233,0.34369603
3234,0.22928832
3235,0.6869218
3236,0.025763234
3237,0.31967935
3238,0.28024924
3239,0.015430514
3240,0.14827609
3241,0.23544997
3242,0.8672038
3243,0.23965529
3244,0.6786821
3245,0.8583926
3246,0.34573734
3247,0.9447049
3248,0.81847614
3249,0.50497293
3250,0.963096
3251,0.9464018
3252,0.014490336
3253,0.40667692
3254,0.9794755
3255,0.51369613
3256,0.9361577
3257,0.026799051
3258,0.35717025
3259,0.25563598
3260,0.5801225
3261,0.6224911
3262,0.5799634
3263,0.40400305
3264,0.12075936
3265,0.26669934
3266,0.016007494
3267,0.5730763
3268,0.95029396
3269,0.51103866
3270,0.07832644
3271,0.15951532
3272,0.08312249
3273,0.5314068
3274,0.6389524
3275,0.8909433
3276,0.05532958
3277,0.6918586
3278,0.83063865
3279,0.35983342
3280,0.96685445
3281,0.9590551
3282,0.841716
3283,0.88771737
3284,0.66436094
3285,0.94815874
3286,0.19058873
3287,0.032270316
3288,0.5024779
3289,0.43105894
3290,0.29858196
3291,0.9817786
3292,0.25349453
3293,0.94666845
3294,0.5665543
3295,0.50869894
3296,0.16313447
3297,0.97211075
3298,0.6764168
3299,0.21803656
3300,0.14431049
3301,0.2990767
3302,0.2845936
3303,0.28064033
3304,0.12101073
3305,0.03456523
3306,0.031145148
3307,0.07866807
3308,0.49114537
3309,0.8414848
3310,0.2245359
3311,0.12441953
3312,0.48162827
3313,0.97145677
3314,0.19607273
3315,0.7931079
3316,0.82248
3317,0.2425145
3318,0.9684598
3319,0.76951885
3320,0.41621745
3321,0.11989881
3322,0.44002035
3323,0.4729451
3324,0.15639135
3325,0.97203356
3326,0.9395895
3327,0.56172156
3328,0.33661833
3329,0.117879726
3330,0.310407
3331,0.5681108
3332,0.059514266
3333,0.6514993
3334,0.5976856
3335,0.242471
3336,0.9128771
3337,0.058271024
3338,0.07451156
3339,0.9451003
3340,0.32628617
3341,0.046994798
3342,0.60999334
3343,0.27582705
3344,0.9181021
3345,0.2047021
3346,0.17439912
3347,0.05000364
3348,0.36196527
3349,0.6469834
3350,0.8406449
3351,0.39381924
3352,0.94449925
3353,0.75707185
3354,0.3176177
3355,0.061259635
3356,0.96387744
3357,0.9376916
3358,0.43923894
3359,0.6001813
3360,0.90209264
3361,0.0322199
3362,0.62906945
3363,0.95601207
3364,0.06600422
3365,0.09911158
3366,0.46135116
3367,0.55549186
3368,0.21242943
3369,0.41697338
3370,0.6962448
3371,0.9821224
3372,0.28718162
3373,0.962884
3374,0.0288535
3375,0.941837
3376,0.27229765
3377,0.34983855
3378,0.68496066
3379,0.7724658
3380,0.15523964
3381,0.8084389
3382,0.02161853
3383,0.1991646
3384,0.68281376
3385,0.69752944
3386,0.19217351
3387,0.7607067
3388,0.41685286
3389,0.63100207
3390,0.70780444
3391,0.34338015
3392,0.22436212
3393,0.9445218
3394,0.44733012
3395,0.25226703
3396,0.98572624
3397,0.5927134
3398,0.06361721
3399,0.7091314
3400,0.35530448
3401,0.70914066
3402,0.3573732
3403,0.036642212
3404,0.39772123
3405,0.9640384
3406,0.0915767
3407,0.43573934
3408,0.50622463
3409,0.8754755
3410,0.699819
3411,0.9828485
3412,0.4992186
3413,0.6656217
3414,0.94913983
3415,0.85027516
3416,0.81518996
3417,0.55033123
3418,0.5534744
3419,0.42478517
3420,0.1369464
3421,0.6480923
3422,0.5369726
3423,0.4018466
3424,0.9498678
3425,0.0311416
3426,0.38631886
3427,0.65239286
3428,0.97568446
3429,0.4184362
3430,0.2885446
3431,0.98196316
3432,0.7969401
3433,0.7470022
3434,0.22717826
3435,0.4632578
3436,0.04945976
3437,0.7725186
3438,0.08928832
3439,0.85179687
3440,0.21222764
3441,0.9500377
3442,0.012664199
3443,0.048666537
3444,0.06338841
3445,0.8293356
3446,0.7779956
3447,0.5551314
3448,0.07625396
3449,0.19312154
3450,0.4968415
3451,0.7901821
3452,0.91646886
3453,0.05860221
3454,0.05801943
3455,0.096112244
3456,0.14081429
3457,0.8255215
3458,0.98199666
3459,0.7061888
3460,0.43418595
3461,0.80666876
3462,0.42992496
3463,0.036431402
3464,0.6949686
3465,0.056053918
3466,0.5662997
3467,0.8123713
3468,0.022979522
3469,0.5883673
3470,0.049132302
3471,0.08607569
3472,0.9110334
3473,0.4348645
3474,0.49805814
3475,0.75568193
3476,0.920499
3477,0.3400496
3478,0.08640465
3479,0.5820892
3480,0.02026648
3481,0.26539567
3482,0.038019717
3483,0.8538774
3484,0.6622272
3485,0.073047966
3486,0.9129139
3487,0.07042471
3488,0.48037985
3489,0.05192584
3490,0.64704865
3491,0.4377825
3492,0.9447941
3493,0.6200634
3494,0.6779483
3495,0.03711995
3496,0.23711395
3497,0.18881951
3498,0.8655669
3499,0.04101884
3500,0.53308797
3501,0.06359043
3502,0.30198216
3503,0.047421847
3504,0.5937427
3505,0.76525754
3506,0.8554011
3507,0.25351062
3508,0.33690515
3509,0.8980231
3510,0.56995213
3511,0.5448711
3512,0.9373265
3513,0.026481658
3514,0.020207573
3515,0.79761845
3516,0.69912434
3517,0.6638411
3518,0.10257594
3519,0.07360158
3520,0.5738732
3521,0.15466198
3522,0.5896244
3523,0.252119
3524,0.75389194
3525,0.21403946
3526,0.057911195
3527,0.22159193
3528,0.46640077
3529,0.71523994
3530,0.46000737
3531,0.5030166
3532,0.96308684
3533,0.06358519
3534,0.81632715
3535,0.7724689
3536,0.8800075
3537,0.93206644
3538,0.15886782
3539,0.90868694
3540,0.12351612
3541,0.97844464
3542,0.1483807
3543,0.11337502
3544,0.47079012
3545,0.9834552
3546,0.18692175
3547,0.47392055
3548,0.529019
3549,0.67494166
3550,0.22905847
3551,0.015226927
3552,0.6881461
3553,0.114479035
3554,0.17941482
3555,0.4523011
3556,0.75102884
3557,0.89027774
3558,0.7232909
3559,0.53848076
3560,0.43750477
3561,0.46709272
3562,0.062998064
3563,0.48185512
3564,0.30051652
3565,0.102844454
3566,0.5024084
3567,0.6606903
3568,0.9473988
3569,0.96206254
3570,0.025375303
3571,0.92461354
3572,0.95794344
3573,0.6068432
3574,0.94173944
3575,0.14488779
3576,0.11779677
3577,0.10707718
3578,0.33315787
3579,0.53332895
3580,0.41298014
3581,0.13385056
3582,0.71701795
3583,0.96647406
3584,0.95710355
3585,0.81835437
3586,0.077732764
3587,0.48487887
3588,0.7004317
3589,0.23686494
3590,0.6346533
3591,0.9078802
3592,0.06696119
3593,0.2146974
3594,0.24318959
3595,0.4388493
3596,0.4465299
3597,0.25700215
3598,0.6585857
3599,0.07914663
3600,0.22756395
3601,0.30990925
3602,0.3372083
3603,0.9081605
3604,0.3492104
3605,0.5569941
3606,0.3873094
3607,0.82336015
3608,0.1880815
3609,0.059749406
3610,0.77761245
3611,0.34015757
3612,0.029567339
3613,0.3837161
3614,0.8069261
3615,0.7232909
3616,0.607228
3617,0.8107116
3618,0.77811384
3619,0.8538527
3620,0.021404715
3621,0.5430137
3622,0.15036888
3623,0.8068798
3624,0.98507327
3625,0.4748978
3626,0.7129353
3627,0.2947744
3628,0.015102559
3629,0.92275965
3630,0.0898022
3631,0.83088934
3632,0.11575899
3633,0.27143595
3634,0.9621167
3635,0.8821621
3636,0.6017654
3637,0.70558405
3638,0.7858852
3639,0.11985975
3640,0.9024129
3641,0.6286915
3642,0.9796932
3643,0.2983426
3644,0.93350536
3645,0.33198556
3646,0.31575146
3647,0.6799821
3648,0.86396635
3649,0.71781325
3650,0.7524436
3651,0.11628579
3652,0.92884487
3653,0.32799286
3654,0.13680997
3655,0.6041806
3656,0.45844382
3657,0.8906145
3658,0.8792349
3659,0.08767093
3660,0.86481947
3661,0.6881683
3662,0.15829621
3663,0.3464894
3664,0.83923703
3665,0.78963876
3666,0.42567056
3667,0.47863507
3668,0.04588489
3669,0.024171963
3670,0.16526267
3671,0.6074492
3672,0.51085305
3673,0.27429992
3674,0.03283392
3675,0.9007049
3676,0.76990455
3677,0.04110268
3678,0.97629184
3679,0.22977471
3680,0.92250425
3681,0.4506011
3682,0.10560861
3683,0.603104
3684,0.36064237
3685,0.5132412
3686,0.4462467
3687,0.7984949
3688,0.6306895
3689,0.61840284
3690,0.35251138
3691,0.024057146
3692,0.6296445
3693,0.39563292
3694,0.9232
3695,0.67531747
3696,0.24083744
3697,0.051975455
3698,0.47913307
3699,0.98166764
3700,0.6124
3701,0.97639513
3702,0.33308378
3703,0.844551
3704,0.13421272
3705,0.91608644
3706,0.7072676
3707,0.4519243
3708,0.9709853
3709,0.7297875
3710,0.073041245
3711,0.4950345
3712,0.5872981
3713,0.733067
3714,0.5623268
3715,0.9564053
3716,0.5443898
3717,0.016744617
3718,0.8087213
3719,0.7222387
3720,0.8794826
3721,0.36274508
3722,0.6041036
3723,0.8204361
3724,0.30820492
3725,0.070353106
3726,0.04899927
3727,0.04218399
3728,0.07793591
3729,0.9618611
3730,0.951341
3731,0.90406924
3732,0.02406738
3733,0.5211812
3734,0.8731425
3735,0.85798264
3736,0.32349825
3737,0.040131297
3738,0.1521293
3739,0.561217
3740,0.26582792
3741,0.2606325
3742,0.07055321
3743,0.13303503
3744,0.81129116
3745,0.94199294
3746,0.36195642
3747,0.841362
3748,0.061078534
3749,0.49016905
3750,0.73884743
3751,0.026984839
3752,0.036156755
3753,0.5020639
3754,0.65658945
3755,0.06352725
3756,0.15652819
3757,0.11377951
3758,0.93124235
3759,0.019463513
3760,0.5019148
3761,0.04705649
3762,0.35910746
3763,0.3547106
3764,0.9515972
3765,0.3784479
3766,0.7436258
3767,0.69044256
3768,0.88600487
3769,0.055761687
3770,0.6294842
3771,0.052422598
3772,0.27430937
3773,0.5350601
3774,0.11733391
3775,0.54836684
3776,0.9604881
3777,0.45772207
3778,0.73541665
3779,0.29484606
3780,0.39342582
3781,0.6587804
3782,0.43898803
3783,0.43479493
3784,0.71060455
3785,0.047433067
3786,0.20072637
3787,0.75559425
3788,0.781855
3789,0.533025
3790,0.49821728
3791,0.64328176
3792,0.64475304
3793,0.04393984
3794,0.059276275
3795,0.9749152
3796,0.031242253
3797,0.9428413
3798,0.34912542
3799,0.25280198
3800,0.8024517
3801,0.92053235
3802,0.19264166
3803,0.054437768
3804,0.38495314
3805,0.9725969
3806,0.7719611
3807,0.9634535
3808,0.3027306
3809,0.16804059
3810,0.7756598
3811,0.5072915
3812,0.39463598
3813,0.45729527
3814,0.114320375
3815,0.937524
3816,0.94854355
3817,0.9805133
3818,0.74029136
3819,0.13992566
3820,0.9732005
3821,0.26879567
3822,0.3220929
3823,0.56448454
3824,0.5205097
3825,0.3445605
3826,0.91288424
3827,0.93436944
3828,0.11066111
3829,0.81280816
3830,0.12748094
3831,0.8836396
3832,0.98614675
3833,0.31130362
3834,0.09955877
3835,0.26915824
3836,0.8938626
3837,0.10523096
3838,0.8226346
3839,0.030014545
3840,0.10303749
3841,0.063752495
3842,0.80237305
3843,0.48202634
3844,0.022438644
3845,0.114265114
3846,0.3685988
3847,0.6615749
3848,0.7637737
3849,0.55950826
3850,0.77640533
3851,0.43123353
3852,0.9411999
3853,0.558689
3854,0.40652663
3855,0.75895786
3856,0.33331716
3857,0.9020123
3858,0.03267478
3859,0.67247015
3860,0.7438206
3861,0.50636935
3862,0.96881336
3863,0.61421615
3864,0.9842808
3865,0.38395518
3866,0.93279743
3867,0.44559717
3868,0.91635793
3869,0.33622175
3870,0.87726617
3871,0.24530604
3872,0.978724
3873,0.7397517
3874,0.7842736
3875,0.88254094
3876,0.93001336
3877,0.9326936
3878,0.60546917
3879,0.02785084
3880,0.33632043
3881,0.86653095
3882,0.9158216
3883,0.23118927
3884,0.48068032
3885,0.9616201
3886,0.6837736
3887,0.9822776
3888,0.8620441
3889,0.24131246
3890,0.059748225
3891,0.7843948
3892,0.33590817
3893,0.8091776
3894,0.113995574
3895,0.70869696
3896,0.46636957
3897,0.89195013
3898,0.79095757
3899,0.122773565
3900,0.9666794
3901,0.82503706
3902,0.46669003
3903,0.49084157
3904,0.9744495
3905,0.33026126
3906,0.56512463
3907,0.29577687
3908,0.2590208
3909,0.89132774
3910,0.085076995
3911,0.9553825
3912,0.18015921
3913,0.42845994
3914,0.10979926
3915,0.95350206
3916,0.66070527
3917,0.9026809
3918,0.097896345
3919,0.49911085
3920,0.10033584
3921,0.28155482
3922,0.16612336
3923,0.9313222
3924,0.8668898
3925,0.6501413
3926,0.9395895
3927,0.4637919
3928,0.8227863
3929,0.09224118
3930,0.052281372
3931,0.034749582
3932,0.039970603
3933,0.6293364
3934,0.07791314
3935,0.04972335
3936,0.06920344
3937,0.21866113
3938,0.96934456
3939,0.42451602
3940,0.2726318
3941,0.12838964
3942,0.9206053
3943,0.18167661
3944,0.61319697
3945,0.06866239
3946,0.0826863
3947,0.38299775
3948,0.4974702
3949,0.41101804
3950,0.97653776
3951,0.55544055
3952,0.8666243
3953,0.16739872
3954,0.5153419
3955,0.58430433
3956,0.27017036
3957,0.95474756
3958,0.15998378
3959,0.029313982
3960,0.72636604
3961,0.8938463
3962,0.48263952
3963,0.621688
3964,0.7906876
3965,0.6059166
3966,0.17480992
3967,0.8826923
3968,0.22379243
3969,0.7660783
3970,0.09904107
3971,0.03625756
3972,0.42662224
3973,0.02442834
3974,0.6929521
3975,0.93136084
3976,0.8085384
3977,0.02408945
3978,0.94742256
3979,0.52870625
3980,0.61677116
3981,0.031682033
3982,0.95648897
3983,0.6694071
3984,0.05967309
3985,0.26652414
3986,0.40346155
3987,0.94024193
3988,0.3427479
3989,0.06410333
3990,0.9608008
3991,0.04922979
3992,0.41960558
3993,0.3993601
3994,0.78622127
3995,0.6869218
3996,0.48387343
3997,0.77501744
3998,0.94258875
3999,0.07267908
4000,0.03715626
4001,0.07339838
4002,0.18705091
4003,0.50247866
4004,0.2841672
4005,0.12098684
4006,0.53213364
4007,0.17271204
4008,0.5527289
4009,0.32946256
4010,0.9579165
4011,0.4091711
4012,0.0999475
4013,0.68557477
4014,0.3654383
4015,0.083097264
4016,0.39638498
4017,0.13945282
4018,0.33688426
4019,0.03517079
4020,0.34663835
4021,0.85359347
4022,0.88205355
4023,0.24841414
4024,0.5478809
4025,0.37669936
4026,0.48156214
4027,0.85043514
4028,0.55429924
4029,0.6531772
4030,0.56367517
4031,0.9030945
4032,0.05979164
4033,0.6362206
4034,0.02224008
4035,0.3402037
4036,0.91641676
4037,0.46414527
4038,0.98351085
4039,0.5259435
4040,0.597645
4041,0.021189159
4042,0.024354976
4043,0.3198027
4044,0.3902272
4045,0.74691784
4046,0.41123846
4047,0.9771608
4048,0.012626346
4049,0.652076
4050,0.59402263
4051,0.60937643
4052,0.82798946
4053,0.2530701
4054,0.10935857
4055,0.9287452
4056,0.880566
4057,0.97409886
4058,0.3951706
4059,0.4555493
4060,0.3523278
4061,0.98281
4062,0.20336445
4063,0.6716414
4064,0.39556226
4065,0.14442004
4066,0.091432914
4067,0.62912357
4068,0.0889644
4069,0.45374644
4070,0.8953483
4071,0.0649962
4072,0.9302095
4073,0.099144824
4074,0.94047844
4075,0.83063865
4076,0.8264678
4077,0.05100813
4078,0.30928934
4079,0.85105115
4080,0.4470909
4081,0.19884002
4082,0.45958352
4083,0.462461
4084,0.36759052
4085,0.058212478
4086,0.9245477
4087,0.5708953
4088,0.42736667
4089,0.79040056
4090,0.98102957
4091,0.5331143
4092,0.72842985
4093,0.73744893
4094,0.9034136
4095,0.71681434
4096,0.9363669
4097,0.58011574
4098,0.43156338
4099,0.6543602
4100,0.985637
4101,0.29063624
4102,0.48744452
4103,0.73075557
4104,0.86653084
4105,0.25791967
4106,0.8698668
4107,0.09328249
4108,0.5965248
4109,0.47419554
4110,0.87268186
4111,0.9363174
4112,0.92694974
4113,0.9848851
4114,0.8607463
4115,0.8789634
4116,0.37319937
4117,0.29802498
4118,0.54706514
4119,0.915985
4120,0.06978466
4121,0.08944969
4122,0.050318632
4123,0.31175327
4124,0.9750036
4125,0.6626746
4126,0.55367476
4127,0.6813823
4128,0.8201341
4129,0.102894075
4130,0.91368246
4131,0.9616174
4132,0.74926084
4133,0.8837698
4134,0.19421668
4135,0.574281
4136,0.06345348
4137,0.023108577
4138,0.20376948
4139,0.077111185
4140,0.6765624
4141,0.85527605
4142,0.04703191
4143,0.070512064
4144,0.45117605
4145,0.239735
4146,0.5296087
4147,0.92229104
4148,0.9790028
4149,0.028529719
4150,0.9375323
4151,0.5530123
4152,0.021152256
4153,0.62265503
4154,0.07154187
4155,0.92708254
4156,0.1483526
4157,0.81793505
4158,0.9086953
4159,0.6459461
4160,0.49499658
4161,0.07785571
4162,0.054637674
4163,0.6998692
4164,0.06863616
4165,0.9190444
4166,0.663699
4167,0.55454963
4168,0.019316165
4169,0.034774143
4170,0.5908722
4171,0.3180094
4172,0.6128166
4173,0.45197913
4174,0.15938339
4175,0.18853681
4176,0.04271667
4177,0.15971182
4178,0.9121539
4179,0.3162132
4180,0.03479321
4181,0.9820243
4182,0.9805814
4183,0.5083349
4184,0.124035805
4185,0.9744897
4186,0.7130334
4187,0.38887522
4188,0.324375
4189,0.18196309
4190,0.31563374
4191,0.21129516
4192,0.027136212
4193,0.7779475
4194,0.082001194
4195,0.4968913
4196,0.97098213
4197,0.45064196
4198,0.38427088
4199,0.60788894
4200,0.4509501
4201,0.11476166
4202,0.60108155
4203,0.52035975
4204,0.30510455
4205,0.31922713
4206,0.2935124
4207,0.6212348
4208,0.52289
4209,0.6096277
4210,0.4129328
4211,0.47053027
4212,0.41096324
4213,0.31876048
4214,0.8530863
4215,0.28995672
4216,0.3795819
4217,0.9153768
4218,0.029998088
4219,0.93713504
4220,0.97556835
4221,0.22091076
4222,0.97468454
4223,0.7925144
4224,0.69529885
4225,0.22431242
4226,0.04988937
4227,0.34439743
4228,0.66412693
4229,0.03146488
4230,0.4475146
4231,0.5268009
4232,0.12244983
4233,0.72140545
4234,0.5543287
4235,0.66248137
4236,0.853703
4237,0.67467165
4238,0.35708603
4239,0.516383
4240,0.04713735
4241,0.3327568
4242,0.029315725
4243,0.97453904
4244,0.051276106
4245,0.111033306
4246,0.96691316
4247,0.5078839
4248,0.9724824
4249,0.63098997
4250,0.15258902
4251,0.50211436
4252,0.9649629
4253,0.91024274
4254,0.5756116
4255,0.04008679
4256,0.03132797
4257,0.7437058
4258,0.9057319
4259,0.7310613
4260,0.79438967
4261,0.34067208
4262,0.42171755
4263,0.57495177
4264,0.48070753
4265,0.79631066
4266,0.30051827
4267,0.96807736
4268,0.4184362
4269,0.7587352
4270,0.045693748
4271,0.95348245
4272,0.71287656
4273,0.5071241
4274,0.15685186
4275,0.4550482
4276,0.3104931
4277,0.8909785
4278,0.21335113
4279,0.28354833
4280,0.6380777
4281,0.28206846
4282,0.48253098
4283,0.061635476
4284,0.5929317
4285,0.9069205
4286,0.944283
4287,0.96371466
4288,0.96377665
4289,0.6234749
4290,0.9660243
4291,0.1071085
4292,0.5476206
4293,0.08750039
4294,0.7044867
4295,0.5504133
4296,0.34309304
4297,0.8783595
4298,0.9473086
4299,0.93149054
4300,0.84728193
4301,0.9828182
4302,0.9664297
4303,0.96799445
4304,0.4639379
4305,0.33308303
4306,0.8449523
4307,0.92196
4308,0.10081959
4309,0.03581442
4310,0.12701325
4311,0.29439533
4312,0.8113698
4313,0.041740414
4314,0.024476271
4315,0.49810156
4316,0.96382695
4317,0.484203
4318,0.8198724
4319,0.2331853
4320,0.36784202
4321,0.046371605
4322,0.10330772
4323,0.4073184
4324,0.40918586
4325,0.81243294
4326,0.6836183
4327,0.60426325
4328,0.43407005
4329,0.15301412
4330,0.1506809
4331,0.2869047
4332,0.9235779
4333,0.98107564
4334,0.37239328
4335,0.97714
4336,0.4747396
4337,0.5848424
4338,0.97750604
4339,0.4871689
4340,0.0849618
4341,0.9123165
4342,0.4574882
4343,0.39780572
4344,0.74124
4345,0.30213204
4346,0.15354574
4347,0.054609705
4348,0.20318633
4349,0.37119192
4350,0.80301917
4351,0.9399573
4352,0.61087817
4353,0.553951
4354,0.41289672
4355,0.5831126
4356,0.20553438
4357,0.106494494
4358,0.7548126
4359,0.97227186
4360,0.027688742
4361,0.437699
4362,0.31464386
4363,0.18028003
4364,0.88406247
4365,0.69324
4366,0.9047199
4367,0.6628138
4368,0.102035224
4369,0.08047748
4370,0.06889903
4371,0.48360965
4372,0.1325931
4373,0.6164401
4374,0.983889
4375,0.90406924
4376,0.4372337
4377,0.6924598
4378,0.67971265
4379,0.9715308
4380,0.05236124
4381,0.8988658
4382,0.44092697
4383,0.1825484
4384,0.48569992
4385,0.2672089
4386,0.43177623
4387,0.603104
4388,0.94620365
4389,0.940988
4390,0.32690814
4391,0.24389488
4392,0.036775455
4393,0.28045058
4394,0.076797165
4395,0.83903354
4396,0.86898506
4397,0.97160274
4398,0.5750238
4399,0.78052557
4400,0.9644064
4401,0.9390705
4402,0.11510651
4403,0.1747497
4404,0.8116625
4405,0.7896788
4406,0.5481765
4407,0.06731709
4408,0.6345804
4409,0.63417137
4410,0.77754235
4411,0.17379603
4412,0.62386155
4413,0.7625546
4414,0.9520684
4415,0.03437176
4416,0.89307094
4417,0.56539345
4418,0.9755284
4419,0.5698925
4420,0.7867107
4421,0.9783377
4422,0.45030126
4423,0.12059662
4424,0.28537866
4425,0.8689818
4426,0.5686066
4427,0.9780285
4428,0.87380606
4429,0.07776027
4430,0.17804623
4431,0.7970781
4432,0.33278188
4433,0.33827525
4434,0.94523007
4435,0.46734425
4436,0.13030691
4437,0.8310221
4438,0.62118256
4439,0.43539837
4440,0.9817593
4441,0.9362802
4442,0.38713956
4443,0.50856495
4444,0.1271921
4445,0.9740181
4446,0.49084157
4447,0.3358501
4448,0.37863848
4449,0.027268786
4450,0.48308364
4451,0.101393834
4452,0.8731125
4453,0.22844231
4454,0.9694688
4455,0.76013976
4456,0.15039796
4457,0.8657827
4458,0.7933359
4459,0.055547725
4460,0.37092242
4461,0.9662998
4462,0.8271827
4463,0.026623396
4464,0.5801563
4465,0.975974
4466,0.027226454
4467,0.36543888
4468,0.28165868
4469,0.32585105
4470,0.92463607
4471,0.12969431
4472,0.61649483
4473,0.72103184
4474,0.057932805
4475,0.704645
4476,0.7392711
4477,0.45203233
4478,0.3844523
4479,0.8346671
4480,0.061247267
4481,0.9477637
4482,0.18948394
4483,0.68397593
4484,0.27985796
4485,0.8544723
4486,0.24764237
4487,0.8722528
4488,0.5363006
4489,0.039287817
4490,0.16266708
4491,0.9745889
4492,0.94574416
4493,0.37506607
4494,0.5645341
4495,0.5646891
4496,0.469458
4497,0.09060528
4498,0.055908304
4499,0.31286094
4500,0.9483756
4501,0.96476203
4502,0.87131405
4503,0.2479742
4504,0.120765485
4505,0.19042106
4506,0.98450536
4507,0.5956515
4508,0.37583724
4509,0.7909281
4510,0.7806598
4511,0.95337266
4512,0.051710363
4513,0.4391486
4514,0.67647034
4515,0.072330095
4516,0.6512079
4517,0.1359302
4518,0.5255783
4519,0.24957746
4520,0.31011575
4521,0.508504
4522,0.9661782
4523,0.5290638
4524,0.88980067
4525,0.392252
4526,0.06288019
4527,0.35262096
4528,0.30941185
4529,0.7351938
4530,0.59792954
4531,0.69567424
4532,0.3823418
4533,0.73500067
4534,0.42001265
4535,0.16515478
4536,0.61265254
4537,0.45813233
4538,0.8757685
4539,0.9753577
4540,0.020541806
4541,0.67317396
4542,0.7934456
4543,0.25600076
4544,0.5672669
4545,0.74111736
4546,0.09788778
4547,0.019680751
4548,0.16116597
4549,0.21400608
4550,0.11264635
4551,0.77847
4552,0.32363105
4553,0.06164725
4554,0.081298225
4555,0.36769295
4556,0.97221833
4557,0.17516614
4558,0.81731665
4559,0.31553015
4560,0.0722122
4561,0.9392951
4562,0.732967
4563,0.03479321
4564,0.04069221
4565,0.73976606
4566,0.9764713
4567,0.5246997
4568,0.47001597
4569,0.3699122
4570,0.43472233
4571,0.33262366
4572,0.6071502
4573,0.0843626
4574,0.8237205
4575,0.030100834
4576,0.93553454
4577,0.526699
4578,0.331215
4579,0.06823586
4580,0.03357265
4581,0.032270316
4582,0.7291942
4583,0.5371003
4584,0.32275495
4585,0.84439284
4586,0.6832595
4587,0.749073
4588,0.33930758
4589,0.55070704
4590,0.2530532
4591,0.3394155
4592,0.9495717
4593,0.28259358
4594,0.9702363
4595,0.96183264
4596,0.26487854
4597,0.8233801
4598,0.5385378
4599,0.6160431
4600,0.06537706
4601,0.31679726
4602,0.8482983
4603,0.036722444
4604,0.036938146
4605,0.62327117
4606,0.67394537
4607,0.15110724
4608,0.4447637
4609,0.21570063
4610,0.32597917
4611,0.3530381
4612,0.1423072
4613,0.8325961
4614,0.4065657
4615,0.26175994
4616,0.058052707
4617,0.37623498
4618,0.33827525
4619,0.79565454
4620,0.87231505
4621,0.1553605
4622,0.28519815
4623,0.8714574
4624,0.032971766
4625,0.39975053
4626,0.31101707
4627,0.9694874
4628,0.9673719
4629,0.84320194
4630,0.45030126
4631,0.34122145
4632,0.9249059
4633,0.053173322
4634,0.6416556
4635,0.42766327
4636,0.98305285
4637,0.20838323
4638,0.07750288
4639,0.31553635
4640,0.039267313
4641,0.7879277
4642,0.8607777
4643,0.047486488
4644,0.14310786
4645,0.400146
4646,0.5093465
4647,0.9855601
4648,0.19240423
4649,0.44439358
4650,0.9797505
4651,0.96476585
4652,0.9497262
4653,0.21260028
4654,0.02273136
4655,0.79167026
4656,0.24960093
4657,0.20237467
4658,0.9252508
4659,0.0614896
4660,0.96680653
4661,0.08800581
4662,0.27936006
4663,0.3020098
4664,0.45447466
4665,0.08932285
4666,0.96949637
4667,0.9729301
4668,0.3488473
4669,0.0803475
4670,0.063674085
4671,0.38887998
4672,0.13123411
4673,0.9732378
4674,0.3481694
4675,0.53522944
4676,0.034459293
4677,0.8273675
4678,0.71692294
4679,0.42007813
4680,0.67695576
4681,0.8985131
4682,0.53264403
4683,0.16774882
4684,0.27730098
4685,0.80728763
4686,0.1602128
4687,0.9526054
4688,0.9838493
4689,0.9114661
4690,0.5709356
4691,0.11315904
4692,0.94438803
4693,0.09496138
4694,0.30439264
4695,0.1368272
4696,0.6902736
4697,0.24088478
4698,0.19791259
4699,0.50887173
4700,0.042653743
4701,0.079966016
4702,0.882923
4703,0.8113964
4704,0.9378254
4705,0.71985877
4706,0.33223832
4707,0.6142408
4708,0.24748076
4709,0.63276696
4710,0.71201533
4711,0.9487097
4712,0.64763945
4713,0.46414527
4714,0.79787356
4715,0.035987515
4716,0.15896827
4717,0.06692784
4718,0.7010285
4719,0.56882256
4720,0.9137081
4721,0.030613448
4722,0.852592
4723,0.038025714
4724,0.021625405
4725,0.95491767
4726,0.413225
4727,0.1550206
4728,0.68418026
4729,0.16494955
4730,0.8325376
4731,0.25596622
4732,0.7787909
4733,0.82454836
4734,0.7823255
4735,0.80850863
4736,0.57649153
4737,0.16191183
4738,0.09377222
4739,0.54364246
4740,0.09408223
4741,0.10464816
4742,0.5343045
4743,0.121752374
4744,0.9574025
4745,0.023662318
4746,0.3539481
4747,0.9242767
4748,0.7168298
4749,0.8272781
4750,0.089851476
4751,0.71547866
4752,0.89437854
4753,0.6620046
4754,0.13381413
4755,0.9429846
4756,0.9820957
4757,0.9108069
4758,0.7411695
4759,0.76073307
4760,0.64684695
4761,0.40729094
4762,0.09922288
4763,0.4387103
4764,0.25014958
4765,0.88333875
4766,0.19157654
4767,0.9667932
4768,0.34968555
4769,0.83342654
4770,0.855475
4771,0.13701819
4772,0.97893894
4773,0.064081274
4774,0.11328485
4775,0.57484865
4776,0.94838333
4777,0.64315456
4778,0.91733295
4779,0.25960323
4780,0.441504
4781,0.14125703
4782,0.107230745
4783,0.12921621
4784,0.553508
4785,0.47632316
4786,0.880257
4787,0.730988
4788,0.031607818
4789,0.08646205
4790,0.9294397
4791,0.07186364
4792,0.9382903
4793,0.3323664
4794,0.7267708
4795,0.035644606
4796,0.73375803
4797,0.634981
4798,0.5206356
4799,0.062494174
4800,0.9355511
4801,0.7634852
4802,0.1630207
4803,0.6217211
4804,0.6110847
4805,0.87070936
4806,0.18055727
4807,0.3894508
4808,0.65309155
4809,0.23136911
4810,0.83362836
4811,0.32451224
4812,0.4026856
4813,0.07624869
4814,0.37877694
4815,0.13273889
4816,0.04832809
4817,0.5621397
4818,0.028807692
4819,0.08757416
4820,0.35853142
4821,0.2111213
4822,0.9559905
4823,0.08229614
4824,0.79123425
4825,0.07055321
4826,0.5832098
4827,0.5922744
4828,0.18371817
4829,0.9200453
4830,0.027091747
4831,0.77291876
4832,0.5045345
4833,0.43156338
4834,0.2645284
4835,0.17276983
4836,0.5233592
4837,0.8952587
4838,0.17346005
4839,0.7930853
4840,0.07563581
4841,0.4370478
4842,0.75152045
4843,0.38408878
4844,0.42409545
4845,0.8577565
4846,0.04857465
4847,0.4715458
4848,0.43611276
4849,0.32527485
4850,0.101045676
4851,0.2667999
4852,0.9516857
4853,0.47503027
4854,0.27078548
4855,0.8503468
4856,0.049394116
4857,0.8250021
4858,0.9855601
4859,0.4517899
4860,0.5253847
4861,0.42868888
4862,0.94207627
4863,0.5256626
4864,0.67074573
4865,0.32929838
4866,0.65109164
4867,0.24957746
4868,0.8081368
4869,0.88952816
4870,0.6150447
4871,0.8597907
4872,0.262957
4873,0.3925675
4874,0.31367612
4875,0.26158288
4876,0.2652946
4877,0.3263388
4878,0.18905361
4879,0.61526436
4880,0.60495883
4881,0.8788587
4882,0.21969461
4883,0.55529594
4884,0.7026924
4885,0.10739315
4886,0.091584936
4887,0.20072637
4888,0.28986132
4889,0.11762184
4890,0.30586025
4891,0.35645482
4892,0.73333627
4893,0.20111825
4894,0.28494865
4895,0.05287295
4896,0.5124289
4897,0.39284265
4898,0.96593195
4899,0.32611623
4900,0.9746773
4901,0.07429254
4902,0.9818355
4903,0.9466384
4904,0.3162345
4905,0.08758146
4906,0.7567914
4907,0.24144766
4908,0.7488019
4909,0.47001597
4910,0.8845704
4911,0.41091743
4912,0.90125686
4913,0.91442865
4914,0.18511215
4915,0.6322661
4916,0.8475308
4917,0.8117423
4918,0.1341144
4919,0.83730537
4920,0.4416615
4921,0.978815
4922,0.58714914
4923,0.9786082
4924,0.24826899
4925,0.10983564
4926,0.2716262
4927,0.21672814
4928,0.9630245
4929,0.5036589
4930,0.46566486
4931,0.26609597
4932,0.8607133
4933,0.9268204
4934,0.4306136
4935,0.9105394
4936,0.5523398
4937,0.1655042
4938,0.58879054
4939,0.19378504
4940,0.041120782
4941,0.94806415
4942,0.9513259
4943,0.9566974
4944,0.06360587
4945,0.6369998
4946,0.17421752
4947,0.37892285
4948,0.42836043
4949,0.8176087
4950,0.15070361
4951,0.31237826
4952,0.06199837
4953,0.033156473
4954,0.9421161
4955,0.92478806
4956,0.21353948
4957,0.036448423
4958,0.15877597
4959,0.85671455
4960,0.16982035
4961,0.9535938
4962,0.023766631
4963,0.8752841
4964,0.94537073
4965,0.16950253
4966,0.075987
4967,0.8681923
4968,0.07124163
4969,0.5454852
4970,0.98135215
4971,0.4989561
4972,0.83622396
4973,0.9823252
4974,0.863747
4975,0.8446194
4976,0.28188884
4977,0.19566634
4978,0.8706742
4979,0.5915064
4980,0.83422136
4981,0.18763836
4982,0.49937397
4983,0.6362277
4984,0.021571746
4985,0.19681682
4986,0.069695294
4987,0.9333603
4988,0.8704892
4989,0.7445303
4990,0.1320297
4991,0.16652639
4992,0.6191826
4993,0.09123314
4994,0.6816006
4995,0.04972335
4996,0.9398241
4997,0.5228159
4998,0.09337721
4999,0.47907725
5000,0.49503618
5001,0.9688871
5002,0.33170232
5003,0.8035178
5004,0.5787848
5005,0.77761245
5006,0.50854194
5007,0.43093044
5008,0.8256023
5009,0.45538348
5010,0.072388954
5011,0.9747713
5012,0.7843196
5013,0.09061308
5014,0.36086348
5015,0.5034359
5016,0.11071772
5017,0.20795058
5018,0.782803
5019,0.8345389
5020,0.56261325
5021,0.9665173
5022,0.3258809
5023,0.7718217
5024,0.08523405
5025,0.7873138
5026,0.6501433
5027,0.08951311
5028,0.2835829
5029,0.6255699
5030,0.093490854
5031,0.5709057
5032,0.7023436
5033,0.72580224
5034,0.5751859
5035,0.28895202
5036,0.40061826
5037,0.46605936
5038,0.32329732
5039,0.19094418
5040,0.66134584
5041,0.03759446
5042,0.50217855
5043,0.2645649
5044,0.87915814
5045,0.14076215
5046,0.3872194
5047,0.9574585
5048,0.24156444
5049,0.62831163
5050,0.55234474
5051,0.5834076
5052,0.89171743
5053,0.73671526
5054,0.9575819
5055,0.10955828
5056,0.6820807
5057,0.9810783
5058,0.67315894
5059,0.9749341
5060,0.47461686
5061,0.87823445
5062,0.49261355
5063,0.13589096
5064,0.34344888
5065,0.90734315
5066,0.23089568
5067,0.034628235
5068,0.2916234
5069,0.22267938
5070,0.9708594
5071,0.0275824
5072,0.9650201
5073,0.8332248
5074,0.17466214
5075,0.065938
5076,0.18763836
5077,0.65415096
5078,0.40395924
5079,0.039715193
5080,0.39054546
5081,0.44333807
5082,0.8910964
5083,0.027306646
5084,0.84317285
5085,0.3321857
5086,0.9281512
5087,0.070093535
5088,0.8590274
5089,0.13606943
5090,0.97207785
5091,0.385812
5092,0.6297325
5093,0.24154371
5094,0.5701065
5095,0.98262286
5096,0.9314082
5097,0.49886337
5098,0.051026948
5099,0.1613581
5100,0.9692266
5101,0.5464817
5102,0.8745019
5103,0.95744973
5104,0.5902784
5105,0.8726996
5106,0.98155296
5107,0.36027795
5108,0.36350074
5109,0.09783295
5110,0.100805834
5111,0.5731886
5112,0.5142134
5113,0.6265539
5114,0.93785673
5115,0.63689387
5116,0.9805894
5117,0.48349515
5118,0.72384226
5119,0.97786725
5120,0.970579
5121,0.42695978
5122,0.9692303
5123,0.41944325
5124,0.29399288
5125,0.57771003
5126,0.9762843
5127,0.5255729
5128,0.57771003
5129,0.04681035
5130,0.6765193
5131,0.36605924
5132,0.10967324
5133,0.62109894
5134,0.44831297
5135,0.20991397
5136,0.7129038
5137,0.7766236
5138,0.56234115
5139,0.92720366
5140,0.96722054
5141,0.1982281
5142,0.05545615
5143,0.5196297
5144,0.90069515
5145,0.66525143
5146,0.029953822
5147,0.5457356
5148,0.5737727
5149,0.033608448
5150,0.03767583
5151,0.12865508
5152,0.8214331
5153,0.9494237
5154,0.9606303
5155,0.33312976
5156,0.8892332
5157,0.31327435
5158,0.89918286
5159,0.2543222
5160,0.72252506
5161,0.42682236
5162,0.38051003
5163,0.40116987
5164,0.9338633
5165,0.60211253
5166,0.37721586
5167,0.43382084
5168,0.85817504
5169,0.7073735
5170,0.7867107
5171,0.1812531
5172,0.8202237
5173,0.85296005
5174,0.18009804
5175,0.1758795
5176,0.9699284
5177,0.5452581
5178,0.33060247
5179,0.67993915
5180,0.022972943
5181,0.7928417
5182,0.46895558
5183,0.32691368
5184,0.7985341
5185,0.63133126
5186,0.9634417
5187,0.48690215
5188,0.9507916
5189,0.95850056
5190,0.47552872
5191,0.6607229
5192,0.8958142
5193,0.15335235
5194,0.7346878
5195,0.4021993
5196,0.79092294
5197,0.22609867
5198,0.6932746
5199,0.8247196
5200,0.07104435
5201,0.33118352
5202,0.21415792
5203,0.3870956
5204,0.43188938
5205,0.16647647
5206,0.5061558
5207,0.5434519
5208,0.020730719
5209,0.98052394
5210,0.4359431
5211,0.18392563
5212,0.71577245
5213,0.32043603
5214,0.74882555
5215,0.87399405
5216,0.82106906
5217,0.8634695
5218,0.34006688
5219,0.027242476
5220,0.19973898
5221,0.08251608
5222,0.9086224
5223,0.6904179
5224,0.5397829
5225,0.4967697
5226,0.07101699
5227,0.90801615
5228,0.8376782
5229,0.535598
5230,0.92383057
5231,0.049370736
5232,0.8911878
5233,0.2562099
5234,0.7823255
5235,0.53858835
5236,0.42497885
5237,0.9777801
5238,0.38382354
5239,0.14156659
5240,0.37502924
5241,0.964145
5242,0.4041555
5243,0.40195727
5244,0.21679418
5245,0.9773717
5246,0.80486745
5247,0.95276964
5248,0.028486297
5249,0.69466424
5250,0.06672307
5251,0.40162227
5252,0.20272759
5253,0.5777077
5254,0.57229054
5255,0.065479435
5256,0.48155084
5257,0.5123046
5258,0.090006255
5259,0.06306688
5260,0.9775134
5261,0.63131166
5262,0.632205
5263,0.017992813
5264,0.82279336
5265,0.7573806
5266,0.9539168
5267,0.95234555
5268,0.79810584
5269,0.3756333
5270,0.8818045
5271,0.16772704
5272,0.5081775
5273,0.09325977
5274,0.82491285
5275,0.057455268
5276,0.96206254
5277,0.309137
5278,0.49837595
5279,0.9704553
5280,0.14348984
5281,0.07457999
5282,0.7922008
5283,0.93717057
5284,0.34626895
5285,0.93819934
5286,0.79344183
5287,0.7934034
5288,0.07479852
5289,0.46910632
5290,0.29049605
5291,0.7930228
5292,0.29091683
5293,0.67588186
5294,0.47174186
5295,0.32136452
5296,0.6541183
5297,0.56309664
5298,0.72284764
5299,0.2573976
5300,0.045891162
5301,0.95160174
5302,0.62827355
5303,0.7597272
5304,0.8919813
5305,0.39254603
5306,0.52541137
5307,0.8093376
5308,0.83584017
5309,0.06944593
5310,0.9551171
5311,0.95456225
5312,0.9108069
5313,0.79953176
5314,0.98371834
5315,0.6296445
5316,0.19718163
5317,0.28418297
5318,0.11195879
5319,0.9798249
5320,0.4717477
5321,0.4707314
5322,0.3023317
5323,0.08901717
5324,0.10739137
5325,0.106998175
5326,0.09497593
5327,0.115309976
5328,0.93298507
5329,0.036891416
5330,0.28590116
5331,0.6591954
5332,0.521743
5333,0.43087134
5334,0.6272448
5335,0.16401903
5336,0.16351728
5337,0.23752694
5338,0.98092115
5339,0.09799491
5340,0.030709475
5341,0.47217447
5342,0.4707867
5343,0.14489998
5344,0.031933147
5345,0.77412975
5346,0.32013106
5347,0.6387097
5348,0.68651265
5349,0.7489404
5350,0.013190637
5351,0.6200234
5352,0.2048018
5353,0.78428864
5354,0.050155368
5355,0.6002819
5356,0.3556875
5357,0.5967965
5358,0.9608028
5359,0.05869271
5360,0.5139868
5361,0.5503551
5362,0.10789259
5363,0.4243707
5364,0.29173782
5365,0.83683616
5366,0.49401325
5367,0.1804317
5368,0.39184368
5369,0.19424696
5370,0.8966622
5371,0.67639273
5372,0.05266405
5373,0.4144666
5374,0.78790784
5375,0.8339602
5376,0.13881756
5377,0.08099306
5378,0.40617397
5379,0.82000774
5380,0.04476415
5381,0.4953154
5382,0.93520373
5383,0.46160787
5384,0.37109202
5385,0.1289562
5386,0.8527803
5387,0.9288381
5388,0.8509381
5389,0.7867617
5390,0.2559269
5391,0.2467287
5392,0.21172193
5393,0.482712
5394,0.17693709
5395,0.39991564
5396,0.8757868
5397,0.555869
5398,0.49609464
5399,0.508614
5400,0.47971055
5401,0.8373998
5402,0.46495333
5403,0.053602654
5404,0.39685312
5405,0.9609238
5406,0.39888746
5407,0.5087176
5408,0.16106077
5409,0.724608
5410,0.5581509
5411,0.169187
5412,0.42481673
5413,0.47431967
5414,0.4196179
5415,0.031640414
5416,0.32419136
5417,0.5570192
5418,0.948506
5419,0.9430144
5420,0.034566727
5421,0.8840242
5422,0.3087493
5423,0.8127458
5424,0.6780159
5425,0.71011806
5426,0.35606548
5427,0.9707708
5428,0.69075185
5429,0.7708649
5430,0.96472144
5431,0.6776052
5432,0.22853845
5433,0.5726816
5434,0.19597095
5435,0.6821374
5436,0.22358431
5437,0.030131193
5438,0.070496365
5439,0.7968801
5440,0.22179934
5441,0.78216094
5442,0.8026502
5443,0.98305285
5444,0.5187517
5445,0.8875095
5446,0.03570477
5447,0.13605714
5448,0.6294842
5449,0.6093787
5450,0.234044
5451,0.29957327
5452,0.5969499
5453,0.6237421
5454,0.78208184
5455,0.5817999
5456,0.18808803
5457,0.07377451
5458,0.13541925
5459,0.86771816
5460,0.14957318
5461,0.07939033
5462,0.1353135
5463,0.14639746
5464,0.2886219
5465,0.32820064
5466,0.035057224
5467,0.027388193
5468,0.96303725
5469,0.8340379
5470,0.38677835
5471,0.58243537
5472,0.9127291
5473,0.1109996
5474,0.08153948
5475,0.029845605
5476,0.4816838
5477,0.025096582
5478,0.4371934
5479,0.4765322
5480,0.89496917
5481,0.5638822
5482,0.889077
5483,0.51061463
5484,0.8403703
5485,0.14050251
5486,0.63968605
5487,0.762041
5488,0.888616
5489,0.7035093
5490,0.44110292
5491,0.06334931
5492,0.061832447
5493,0.38654146
5494,0.06249413
5495,0.64299923
5496,0.939295
5497,0.70839095
5498,0.1257625
5499,0.57928354
5500,0.56204665
5501,0.38479796
5502,0.31899697
5503,0.5503551
5504,0.78855544
5505,0.3162169
5506,0.97494715
5507,0.56761354
5508,0.24598469
5509,0.058962494
5510,0.2604669
5511,0.5263751
5512,0.75907624
5513,0.9515972
5514,0.76508486
5515,0.6776376
5516,0.020954177
5517,0.6927796
5518,0.23950453
5519,0.13582993
5520,0.02860731
5521,0.06810721
5522,0.6096645
5523,0.51201
5524,0.3041692
5525,0.09328249
5526,0.082904845
5527,0.041328732
5528,0.9570778
5529,0.48024288
5530,0.052402634
5531,0.4323105
5532,0.02329161
5533,0.97079694
5534,0.051449396
5535,0.5181499
5536,0.7377119
5537,0.33042675
5538,0.7069285
5539,0.89613706
5540,0.95870125
5541,0.45589656
5542,0.73499805
5543,0.6300759
5544,0.70143336
5545,0.2290149
5546,0.4490794
5547,0.17756069
5548,0.15155812
5549,0.38662258
5550,0.22886203
5551,0.8164482
5552,0.95447254
5553,0.2310326
5554,0.6388387
5555,0.94847363
5556,0.11298682
5557,0.09288948
5558,0.928632
5559,0.018180612
5560,0.7848945
5561,0.25089532
5562,0.5449694
5563,0.9820957
5564,0.92339146
5565,0.97279155
5566,0.6604153
5567,0.459053
5568,0.82096934
5569,0.75450516
5570,0.39164886
5571,0.43995288
5572,0.63250893
5573,0.5713734
5574,0.78145814
5575,0.4184362
5576,0.12735002
5577,0.9480441
5578,0.030086296
5579,0.85027516
5580,0.7498118
5581,0.9577858
5582,0.36920533
5583,0.5505524
5584,0.014749838
5585,0.9663234
5586,0.70692694
5587,0.72030586
5588,0.17011793
5589,0.05610373
5590,0.6403145
5591,0.051084332
5592,0.72327447
5593,0.04922979
5594,0.87988913
5595,0.18601029
5596,0.63131744
5597,0.14669593
5598,0.64525115
5599,0.7411493
5600,0.02758798
5601,0.50854194
5602,0.1271921
5603,0.4694518
5604,0.55488163
5605,0.96054417
5606,0.5813432
5607,0.9557231
5608,0.7172303
5609,0.39038265
5610,0.06019387
5611,0.049991656
5612,0.47671267
5613,0.5651013
5614,0.101614125
5615,0.5705901
5616,0.24777122
5617,0.8291511
5618,0.5757447
5619,0.5160085
5620,0.34775975
5621,0.5354072
5622,0.9364788
5623,0.93629307
5624,0.07866807
5625,0.25201723
5626,0.6030015
5627,0.47586477
5628,0.5473035
5629,0.32412136
5630,0.7169813
5631,0.78305477
5632,0.38686997
5633,0.4108357
5634,0.8795019
5635,0.5498978
5636,0.5662487
5637,0.119050734
5638,0.9510788
5639,0.53111815
5640,0.3156732
5641,0.60383093
5642,0.81121117
5643,0.33615112
5644,0.09977147
5645,0.5223719
5646,0.23654114
5647,0.9666904
5648,0.3686499
5649,0.8155866
5650,0.39181572
5651,0.7766916
5652,0.8187768
5653,0.10957857
5654,0.2784802
5655,0.025763234
5656,0.9357085
5657,0.6265539
5658,0.73862946
5659,0.5966924
5660,0.6404879
5661,0.17636448
5662,0.7296795
5663,0.16085382
5664,0.14871256
5665,0.96626776
5666,0.9547189
5667,0.85252595
5668,0.7121559
5669,0.89132774
5670,0.54418576
5671,0.8276387
5672,0.75725
5673,0.2112304
5674,0.7395351
5675,0.77864623
5676,0.3584389
5677,0.2841323
5678,0.5975822
5679,0.93776417
5680,0.27146348
5681,0.909035
5682,0.20279022
5683,0.6674464
5684,0.83309007
5685,0.92031556
5686,0.719786
5687,0.25062013
5688,0.5225197
5689,0.106636845
5690,0.1738196
5691,0.5159146
5692,0.099918984
5693,0.47746894
5694,0.57484865
5695,0.48717093
5696,0.8987736
5697,0.7100949
5698,0.14325123
5699,0.6869627
5700,0.19948974
5701,0.5952449
5702,0.62100464
5703,0.6297325
5704,0.4081235
5705,0.7661217
5706,0.5434519
5707,0.24079578
5708,0.1284627
5709,0.88125527
5710,0.6731541
5711,0.06341088
5712,0.39465284
5713,0.9754862
5714,0.7401786
5715,0.4869222
5716,0.9376477
5717,0.83895516
5718,0.9400491
5719,0.48020798
5720,0.6173506
5721,0.8253417
5722,0.42380428
5723,0.16447298
5724,0.96814024
5725,0.5485249
5726,0.31858805
5727,0.96497536
5728,0.72380656
5729,0.8406449
5730,0.9845503
5731,0.33308378
5732,0.81079566
5733,0.24187812
5734,0.92138726
5735,0.9427343
5736,0.06235379
5737,0.97052383
5738,0.18533742
5739,0.29695797
5740,0.7921498
5741,0.95306104
5742,0.97880036
5743,0.6641201
5744,0.8667562
5745,0.02705883
5746,0.97857714
5747,0.39355665
5748,0.07737549
5749,0.62242895
5750,0.72786963
5751,0.118536524
5752,0.44983295
5753,0.69883925
5754,0.8899429
5755,0.06562252
5756,0.9735772
5757,0.04237548
5758,0.4547098
5759,0.8776678
5760,0.97936934
5761,0.5274844
5762,0.95047307
5763,0.03239197
5764,0.14097978
5765,0.48613998
5766,0.07099038
5767,0.22355425
5768,0.41687566
5769,0.1742515
5770,0.18701164
5771,0.8870737
5772,0.63873
5773,0.57548946
5774,0.6577992
5775,0.38720518
5776,0.94540685
5777,0.50988984
5778,0.93554777
5779,0.20150876
5780,0.7126618
5781,0.8693466
5782,0.33400127
5783,0.50932187
5784,0.24397954
5785,0.8014192
5786,0.84689426
5787,0.64729655
5788,0.84145147
5789,0.54314935
5790,0.1789491
5791,0.94522285
5792,0.305414
5793,0.72983694
5794,0.6618621
5795,0.022943284
5796,0.7304304
5797,0.39048833
5798,0.051449396
5799,0.4644858
5800,0.021712627
5801,0.10377654
5802,0.9473988
5803,0.9673825
5804,0.22260945
5805,0.0201472
5806,0.060831908
5807,0.10088794
5808,0.79669166
5809,0.2672089
5810,0.40886244
5811,0.5679001
5812,0.34062833
5813,0.757107
5814,0.9665781
5815,0.4922349
5816,0.8230155
5817,0.026560552
5818,0.8685638
5819,0.74194765
5820,0.029092513
5821,0.20252778
5822,0.6947899
5823,0.9738184
5824,0.3420881
5825,0.028344236
5826,0.25060424
5827,0.61991847
5828,0.017506499
5829,0.119506955
5830,0.94268674
5831,0.67633975
5832,0.031691574
5833,0.7505452
5834,0.38238215
5835,0.2510336
5836,0.57714546
5837,0.1748138
5838,0.42377803
5839,0.050220277
5840,0.16190824
5841,0.94522285
5842,0.105699584
5843,0.31330332
5844,0.09311371
5845,0.86762345
5846,0.4044708
5847,0.7441479
5848,0.062188487
5849,0.018933
5850,0.98706925
5851,0.024613556
5852,0.6616819
5853,0.51628286
5854,0.5623726
5855,0.63276696
5856,0.7039652
5857,0.4930386
5858,0.61108
5859,0.6324096
5860,0.9577858
5861,0.9745889
5862,0.4367624
5863,0.85032827
5864,0.9649456
5865,0.7909189
5866,0.22324972
5867,0.46535137
5868,0.98413163
5869,0.6145508
5870,0.8505945
5871,0.3357546
5872,0.60830075
5873,0.13610393
5874,0.70997924
5875,0.04752214
5876,0.963384
5877,0.05728178
5878,0.10068197
5879,0.82622427
5880,0.29439533
5881,0.79017705
5882,0.05543622
5883,0.03634479
5884,0.9744581
5885,0.18342796
5886,0.42465365
5887,0.37908995
5888,0.6324297
5889,0.20366952
5890,0.44081643
5891,0.1441417
5892,0.09435103
5893,0.90683645
5894,0.8462508
5895,0.106218986
5896,0.040596873
5897,0.9779283
5898,0.9814487
5899,0.4644858
5900,0.5043547
5901,0.119063415
5902,0.34615567
5903,0.06411735
5904,0.5296053
5905,0.8739457
5906,0.08584292
5907,0.72425014
5908,0.5753164
5909,0.4375579
5910,0.37016726
5911,0.51129127
5912,0.96001476
5913,0.22844231
5914,0.25038454
5915,0.89170474
5916,0.62093526
5917,0.035155382
5918,0.9303266
5919,0.046721313
5920,0.5385378
5921,0.7110629
5922,0.191068
5923,0.7795953
5924,0.04221642
5925,0.8914289
5926,0.087378934
5927,0.69269353
5928,0.88007194
5929,0.06787741
5930,0.7968677
5931,0.18827929
5932,0.95747423
5933,0.48863578
5934,0.44897464
5935,0.5222799
5936,0.098012276
5937,0.023245443
5938,0.036439274
5939,0.60197514
5940,0.018235205
5941,0.9360352
5942,0.37245303
5943,0.021734267
5944,0.07155457
5945,0.8087213
5946,0.47235048
5947,0.34333652
5948,0.26117596
5949,0.68578225
5950,0.5937826
5951,0.5409757
5952,0.30588123
